flow_id,from_product,to_product,dummy_coefficient_1,dummy_coefficient_2,dummy_coefficient_3,dummy_coefficient_4,dummy_coefficient_5,dummy_coefficient_6,dummy_coefficient_7,dummy_coefficient_8,dummy_coefficient_9,dummy_coefficient_10,fixed_coefficient_1,fixed_coefficient_2,fixed_coefficient_3,fixed_coefficient_4,fixed_coefficient_5,rate,spread,intercept,standard_deviation,mean
1,INT0015,INT0004,0.07,5.107,4.174,2.221,1.199,3.376,9.429,3.232,5.188,7.03,,1.818,4.859,4.812,,,0.327,-0.055,30786.953,29199208.94
2,EXT0023,INT0005,0.369,6.096,5.027,0.515,2.786,9.083,2.396,1.449,4.895,9.857,1.21,3.361,3.808,1.188,3.641,,0.431,2.646,63719.441,54041693.72
3,EXT0022,INT0029,0.903,8.353,3.208,1.865,0.408,5.909,6.776,0.166,5.121,2.265,3.226,0.872,,,3.455,2.24,,8.735,14614.573,34765568.75
4,EXT0004,INT0020,1.135,9.247,8.773,2.579,6.6,8.172,5.552,5.297,2.419,0.931,4.486,,4.502,3.166,1.695,2.071,,4.519,89813.916,88821556.0
5,EXT0002,INT0006,7.799,6.42,0.841,1.616,8.986,6.064,0.092,1.015,6.635,0.051,,0.804,,2.744,3.459,,0.687,-5.515,71505.743,24487659.66
6,EXT0015,INT0025,3.254,7.465,6.496,8.492,6.576,5.683,0.937,3.677,2.652,2.44,,4.865,1.965,4.46,3.156,4.077,,0.053,58113.485,49759251.69
7,INT0013,EXT0017,1.952,7.225,2.808,0.243,6.455,1.771,9.405,9.539,9.149,3.702,0.077,4.642,2.141,4.833,4.818,4.339,,-4.111,39124.675,85262530.48
8,INT0010,INT0022,3.169,1.695,5.568,9.362,6.96,5.701,0.972,6.15,9.901,1.401,2.592,4.387,3.704,3.485,,,0.732,-2.81,30065.593,81126754.39
9,INT0029,EXT0010,8.101,8.671,9.132,5.113,5.015,7.983,6.5,7.02,7.958,8.9,,,1.69,1.878,0.47,3.102,,-9.281,47094.204,54721818.84
10,INT0028,EXT0009,2.865,5.908,0.305,0.373,8.226,3.602,1.271,5.222,7.7,2.158,3.114,0.427,,0.258,2.657,2.933,,2.749,72883.042,97609355.87
11,EXT0002,EXT0023,5.163,3.23,7.952,2.708,4.39,0.785,0.254,9.626,8.36,6.96,,2.045,0.866,,0.782,1.626,,0.985,71744.996,66359540.3
12,INT0007,INT0015,2.799,9.549,7.379,5.544,6.117,4.196,2.477,3.56,7.578,0.144,0.58,0.23,0.204,4.277,3.518,,0.527,-8.043,49669.972,47873705.31
13,EXT0028,EXT0001,1.732,4.339,3.985,6.159,6.351,0.453,3.746,6.259,5.031,8.565,,,3.293,,0.815,,0.164,2.848,3624.62,58991782.55
14,EXT0003,EXT0012,9.402,5.755,3.882,6.433,4.583,5.456,9.415,3.861,9.612,9.054,0.979,0.347,0.504,,,0.582,,-8.111,68617.671,8047676.2
15,INT0023,INT0014,3.19,8.449,0.233,8.145,2.819,1.182,6.967,6.289,8.775,7.351,,4.017,1.41,0.887,3.753,,0.826,9.81,41849.15,37829790.49
16,INT0001,EXT0010,7.764,3.408,9.308,8.584,4.29,7.509,7.545,1.031,9.026,5.053,4.132,1.6,4.478,,,2.251,,-9.783,90632.816,10037381.0
17,INT0031,INT0011,3.193,9.501,9.506,5.734,6.318,4.484,2.932,3.287,6.725,7.524,3.958,3.948,0.456,,,2.725,,-8.849,55403.359,44711519.64
18,EXT0029,INT0022,8.877,3.509,1.171,1.43,7.615,6.182,1.011,0.841,7.01,0.728,4.109,,3.531,0.407,0.424,,0.988,-2.515,37693.573,81467157.16
19,INT0026,EXT0008,9.472,9.86,7.534,3.763,0.835,7.771,5.584,4.242,9.064,1.112,2.463,0.057,2.343,,0.282,1.035,,-7.649,65271.82,74858443.05
20,INT0009,EXT0012,5.834,9.622,3.749,2.857,8.686,2.236,9.632,0.122,9.699,0.432,4.456,2.639,4.965,0.369,,2.992,,9.386,52786.687,63310465.18
21,INT0009,INT0005,6.957,4.545,6.276,5.843,9.012,0.454,2.81,9.504,8.903,4.557,,3.101,1.387,0.941,2.318,2.09,,1.673,8695.729,97465085.96
22,EXT0029,INT0032,9.862,6.982,5.361,3.095,8.138,6.847,1.626,9.109,8.225,9.498,,,3.629,3.067,2.091,4.697,,7.321,5476.648,3610330.48
23,EXT0028,INT0007,3.765,8.106,9.873,1.504,5.941,3.809,9.699,8.421,8.383,4.687,2.074,,1.367,0.282,4.324,,0.832,9.994,99667.047,55987738.85
24,INT0032,INT0025,7.69,9.448,8.496,2.473,4.505,1.292,9.541,6.062,2.286,6.717,3.091,1.791,0.568,3.358,2.602,,0.795,0.403,85365.969,55638777.04
25,EXT0025,INT0013,5.609,8.767,4.035,1.34,0.288,7.551,6.203,7.041,2.13,1.364,0.073,,,,,,0.416,1.798,39832.16,44310017.28
26,INT0022,EXT0021,9.042,3.483,5.14,7.837,3.965,6.221,8.624,9.495,1.471,9.266,2.461,1.291,2.296,4.9,2.463,,0.396,2.668,24774.416,8510469.48
27,EXT0002,EXT0027,1.289,1.28,1.519,1.388,6.409,1.819,3.457,8.968,4.74,6.676,0.862,0.961,,,0.204,1.26,,-4.428,18524.038,9781550.84
28,INT0025,EXT0006,1.206,4.608,2.063,3.643,5.034,6.904,0.393,7.994,6.279,0.818,4.368,4.604,,0.305,1.384,4.128,,4.965,19267.581,21725583.01
29,EXT0030,INT0021,3.705,4.845,6.183,3.689,4.625,7.475,0.367,2.524,7.133,8.952,2.558,2.661,,0.536,2.237,,0.579,-5.151,27655.08,38351132.15
30,EXT0020,INT0016,0.201,3.221,2.114,3.275,1.198,8.905,5.936,6.791,7.892,4.984,,0.435,2.686,2.934,3.727,,0.488,-7.448,29093.815,36945147.34
31,EXT0009,EXT0002,6.459,5.708,3.561,9.865,6.058,2.372,1.018,1.529,2.46,1.607,0.933,,1.425,0.867,4.484,0.861,,0.49,41629.286,98255483.07
32,EXT0009,INT0010,1.12,3.979,9.695,8.655,8.171,2.579,1.709,6.686,9.294,5.568,2.858,1.4,3.847,0.935,1.618,,0.483,0.152,24998.564,12368845.65
33,INT0017,EXT0013,6.106,2.886,5.812,1.544,4.811,5.326,0.518,3.366,1.344,0.634,,,4.95,1.612,,,0.829,-4.907,68468.77,76262558.13
34,INT0002,EXT0007,5.956,4.716,4.118,3.489,9.295,8.306,9.65,1.243,7.309,9.383,,0.906,,0.332,,,0.767,1.489,84341.049,14837465.29
35,INT0020,EXT0003,7.953,2.016,1.637,1.643,8.146,6.652,5.231,3.588,8.772,3.924,4.083,2.196,1.885,2.313,,,0.371,4.952,50769.319,23989056.82
36,EXT0001,INT0007,8.996,3.839,5.436,9.065,6.242,1.169,9.398,6.277,3.349,1.393,3.97,3.1,2.667,4.469,,,0.81,-6.967,31860.485,25600424.84
37,EXT0002,INT0021,7.439,0.335,5.699,7.625,8.768,3.421,8.213,1.106,8.465,1.275,,1.986,3.986,0.75,1.146,,0.75,4.401,64473.616,69700896.0
38,INT0020,INT0005,5.427,2.518,3.457,1.816,9.085,5.834,4.009,4.62,9.473,1.534,,2.931,2.529,3.057,0.091,,0.885,8.642,56948.185,69968431.56
39,INT0006,EXT0014,9.225,7.072,1.525,5.763,6.067,4.241,7.364,9.344,9.256,4.508,0.566,4.924,4.194,,,1.061,,8.417,87119.74,52364967.66
40,INT0020,INT0031,5.913,3.99,0.548,3.352,8.029,0.046,3.335,3.982,5.374,9.199,,,,,1.732,,0.412,4.75,45769.576,23235877.47
41,EXT0011,EXT0021,4.524,1.409,1.764,4.984,4.189,9.148,3.624,5.806,6.323,0.131,,,,3.318,,1.301,,9.221,15717.61,42047788.25
42,INT0005,EXT0029,0.853,9.969,5.022,5.954,0.671,7.5,2.099,8.981,2.051,1.907,0.183,,2.36,2.824,,0.796,,5.511,45875.595,52914636.66
43,INT0004,INT0025,4.408,4.008,5.596,1.552,1.819,8.618,9.461,3.733,2.707,6.44,2.044,0.127,0.781,,3.58,,0.693,-9.458,22975.244,23876404.86
44,EXT0011,INT0004,6.719,0.197,1.041,7.999,1.785,6.527,2.382,0.994,2.432,7.223,4.278,,4.151,,1.986,3.506,,-5.9,30021.625,89737246.03
45,EXT0024,EXT0013,0.13,0.855,2.079,0.265,1.814,5.83,4.214,8.927,8.174,3.418,,1.297,1.898,2.951,1.34,,0.662,-1.812,55652.671,44176526.38
46,EXT0001,INT0006,2.945,9.485,7.636,1.401,8.685,4.874,8.946,7.999,4.252,0.225,,1.343,,2.708,,,0.67,-4.842,14796.251,83658093.44
47,INT0026,EXT0015,9.844,5.257,1.717,2.723,0.184,9.143,1.178,5.765,2.741,5.542,3.257,,,4.149,1.032,0.549,,-7.262,90101.846,87515117.68
48,EXT0007,EXT0008,5.974,6.005,6.65,1.754,9.144,4.188,3.831,5.189,0.47,1.663,3.69,0.414,3.016,1.227,1.946,,0.36,-2.887,72185.545,30415049.85
49,EXT0017,INT0023,5.664,4.761,6.637,9.368,7.326,2.149,0.312,2.623,5.951,0.514,2.482,2.984,1.671,3.855,0.533,0.838,,4.564,50053.64,69151837.25
50,EXT0010,EXT0028,4.348,2.464,8.191,7.994,6.947,2.721,5.902,3.61,0.916,9.173,0.684,4.751,2.23,,,,0.267,0.838,87421.638,73490263.75
51,INT0011,EXT0005,8.066,6.588,6.923,8.492,2.497,4.894,2.212,9.877,9.441,0.394,3.528,4.626,0.903,,,,0.611,8.31,4360.652,70044606.46
52,INT0029,INT0026,2.973,9.244,9.711,9.443,4.742,8.62,8.445,3.191,8.289,0.37,2.981,1.15,,0.603,,0.846,,3.926,34647.621,72751910.38
53,INT0025,EXT0018,0.654,3.153,5.395,7.907,3.188,6.259,8.86,6.159,2.33,0.244,4.35,0.106,4.374,2.645,,,0.945,5.976,99795.477,35720469.73
54,INT0014,EXT0023,7.672,4.019,4.799,6.275,8.737,9.841,7.683,4.178,4.214,7.376,1.194,,0.552,1.773,1.436,,0.367,-5.328,5167.226,2769519.54
55,INT0016,EXT0027,9.877,4.278,3.843,6.796,2.183,9.5,7.863,0.894,4.176,8.791,4.724,2.337,3.067,0.835,4.956,,0.309,8.855,65315.018,61165942.69
56,EXT0025,EXT0023,5.127,2.307,1.765,2.205,1.864,7.796,3.501,0.578,9.691,8.838,,4.639,,,4.975,1.283,,-2.075,76065.609,69906041.19
57,INT0032,EXT0004,1.539,8.158,2.244,2.238,5.37,5.929,5.801,0.915,8.775,2.656,,0.648,4.444,4.778,4.311,4.143,,3.105,55534.88,9611689.23
58,EXT0003,EXT0011,4.085,3.727,2.598,7.234,4.959,0.81,2.202,6.833,0.761,8.512,2.476,2.403,2.962,4.123,1.739,,0.71,1.315,27435.799,87984368.65
59,INT0009,EXT0022,7.974,6.585,8.506,8.673,7.084,8.37,6.975,6.801,6.186,7.527,0.793,4.404,4.359,0.146,4.129,,0.216,-3.298,74607.317,16915229.71
60,INT0003,EXT0017,8.18,8.321,5.075,0.064,2.87,6.169,9.812,6.318,2.598,6.34,2.7,,3.899,0.535,,,0.785,0.825,96336.208,34845344.44
61,INT0029,EXT0031,6.326,9.32,1.025,9.372,6.879,0.678,3.01,7.082,0.674,5.822,1.729,3.105,0.229,4.358,4.867,4.86,,4.993,13878.538,76068056.4
62,INT0022,EXT0028,0.246,0.221,3.236,4.886,7.704,6.833,4.459,2.736,9.971,4.262,,,2.257,,0.818,,0.815,3.874,22856.192,9155723.52
63,INT0011,EXT0023,6.805,6.545,2.733,9.509,1.511,4.323,9.436,4.197,6.385,3.976,1.371,4.92,2.047,4.47,1.15,1.459,,-9.377,65515.016,37484108.03
64,EXT0017,EXT0004,8.644,4.732,9.682,1.855,8.686,7.766,7.709,8.448,7.61,6.262,,,0.656,0.163,4.604,,0.655,5.931,48670.713,12613510.71
65,EXT0013,INT0029,1.252,6.856,4.303,2.005,4.916,0.642,5.82,2.69,7.976,3.104,2.276,,0.058,,,0.826,,-2.15,48513.945,60402034.26
66,INT0003,INT0020,2.917,6.95,8.601,7.799,0.396,4.805,1.049,2.42,9.867,1.425,2.494,3.091,3.512,,2.798,0.544,,-3.471,52253.453,9698783.42
67,EXT0016,INT0022,3.506,0.332,0.786,3.969,1.327,5.675,6.895,8.006,2.002,1.675,0.523,,,,3.182,3.679,,-9.368,93685.012,6145157.08
68,INT0004,EXT0008,5.413,7.091,8.71,7.141,8.017,3.395,8.148,0.801,8.948,5.476,4.086,,2.262,,3.218,,0.574,4.632,9081.368,6974856.32
69,INT0032,INT0014,2.471,1.595,8.718,2.192,9.759,3.369,1.821,7.897,6.587,4.982,2.777,3.596,1.142,,,,0.997,9.496,65382.243,20754702.64
70,INT0006,EXT0013,6.802,0.722,0.307,2.577,4.626,8.683,7.272,7.427,4.255,3.459,1.855,4.938,0.201,4.335,2.893,2.474,,4.505,49180.225,87468900.57
71,EXT0031,INT0014,9.007,4.217,2.768,5.924,9.124,2.107,6.23,6.316,7.331,1.316,3.579,4.545,,0.898,1.188,4.871,,-6.38,85584.124,49735507.79
72,EXT0003,EXT0030,2.472,8.707,4.453,5.148,3.592,5.93,1.635,3.911,9.694,2.581,3.284,,1.626,3.867,0.654,,0.973,-0.924,24368.996,8276177.99
73,EXT0004,EXT0026,1.698,5.198,3.37,8.289,4.309,2.487,6.171,7.068,1.67,1.676,0.183,3.682,3.319,2.373,4.221,,0.825,1.707,86958.857,21378279.79
74,INT0024,EXT0031,1.119,2.697,0.571,5.312,9.366,0.393,1.221,4.522,9.339,3.162,2.536,,0.208,,,1.168,,9.733,96546.751,1489058.11
75,INT0002,INT0025,9.518,6.391,8.679,4.547,5.156,4.888,6.669,1.397,0.3,3.079,3.523,,1.009,,3.367,,0.973,-8.122,67587.61,44931271.71
76,EXT0031,EXT0026,8.681,1.771,6.926,8.381,9.446,6.832,4.972,6.178,8.689,5.706,,0.152,4.655,3.448,3.383,,0.294,3.178,39992.576,65472064.73
77,EXT0029,EXT0013,1.066,6.578,9.994,0.482,9.772,4.069,8.708,7.824,5.67,7.384,4.393,,2.021,,1.635,3.504,,6.157,76466.228,79983551.24
78,INT0016,INT0025,4.356,8.178,1.202,5.445,0.058,3.246,3.665,3.962,6.955,3.886,2.243,,,1.188,1.866,,0.305,-8.536,60741.411,67153067.06
79,EXT0004,EXT0005,6.195,4.635,3.798,8.633,5.191,4.792,0.256,3.412,3.802,3.988,,,2.901,2.668,3.04,,0.788,6.26,72094.185,95596845.9
80,INT0017,EXT0004,0.182,1.958,0.076,6.475,8.98,2.435,9.27,0.603,9.344,3.516,0.507,2.429,1.284,,1.424,,0.377,6.061,54376.966,31819462.22
81,INT0014,INT0002,6.103,7.162,2.726,4.135,1.219,1.811,6.811,1.814,5.252,7.09,0.534,2.837,1.283,4.815,2.418,,0.825,1.005,5297.841,63681986.18
82,EXT0030,INT0015,9.514,6.016,8.192,8.842,2.281,2.12,6.11,4.11,8.399,9.0,,1.767,1.184,3.903,1.374,4.202,,-1.525,67087.44,10457996.07
83,EXT0007,INT0011,6.239,4.518,5.866,1.68,7.369,8.628,2.167,0.957,0.236,6.42,,3.035,,2.733,,1.544,,-2.182,59853.157,50179919.03
84,EXT0017,EXT0026,9.878,1.364,6.951,4.043,4.282,7.176,6.924,9.913,1.284,1.041,,3.622,2.892,1.371,0.397,0.885,,7.884,19994.865,33013784.65
85,INT0013,INT0027,2.267,3.55,0.694,5.191,0.676,8.004,2.337,5.4,8.801,6.509,2.665,1.622,1.665,3.347,4.971,3.478,,1.156,73334.401,47055355.62
86,EXT0021,EXT0026,0.601,5.623,9.576,1.753,6.9,2.009,5.358,0.967,4.504,7.562,1.738,3.325,3.977,4.636,1.173,,0.459,-6.952,99255.867,92773095.82
87,INT0010,INT0030,5.4,8.42,5.21,6.236,0.891,7.553,1.277,8.261,7.82,7.087,,,0.181,1.516,,1.684,,-2.797,9676.632,93758824.48
88,INT0029,INT0020,5.538,3.055,3.97,4.472,6.006,5.157,9.194,4.97,9.922,8.514,,,1.043,4.653,0.582,,0.836,-2.388,87919.458,86937612.32
89,EXT0005,EXT0025,8.059,7.9,3.047,0.809,4.03,1.735,6.95,3.461,9.756,6.41,4.112,0.663,4.31,,4.614,2.692,,2.125,76716.17,18309024.1
90,INT0011,INT0006,5.026,3.987,1.464,3.675,0.682,0.258,1.352,9.631,5.495,9.658,,,2.162,1.559,2.531,,0.496,-7.887,64441.805,22387780.07
91,INT0003,EXT0003,6.196,6.502,1.52,0.613,7.808,4.598,0.582,9.949,0.578,6.95,4.918,,1.196,0.711,0.607,1.865,,-7.979,69523.973,7166888.01
92,EXT0024,EXT0031,5.094,9.967,8.14,6.152,3.063,6.239,5.27,4.261,1.307,8.866,,2.249,0.973,1.839,2.071,4.224,,4.672,77161.184,2092095.18
93,EXT0021,EXT0032,4.162,4.813,0.192,2.598,7.603,1.371,5.353,2.152,0.121,2.412,4.879,,,4.008,4.798,2.695,,-7.805,55247.989,45983356.12
94,EXT0010,INT0015,8.444,0.981,4.882,1.5,3.247,7.374,4.76,3.759,3.945,4.594,,3.925,4.46,,4.777,,0.808,-3.692,69125.336,44322709.28
95,EXT0021,INT0007,2.547,8.409,0.384,9.018,4.615,6.372,6.594,8.951,6.367,6.139,0.333,2.592,,0.751,,3.818,,0.244,68342.55,5125617.16
96,INT0017,EXT0005,0.848,7.163,0.721,0.713,0.121,9.565,7.375,3.533,2.965,3.497,3.873,3.307,0.926,,0.871,0.943,,3.206,76672.894,27239596.4
97,INT0021,EXT0008,0.209,0.822,9.679,2.954,7.692,6.247,3.819,2.057,1.214,6.15,3.873,3.22,2.652,,,0.689,,9.37,80072.705,29989381.63
98,INT0016,INT0020,9.8,6.019,5.824,7.481,8.118,6.565,1.281,3.383,9.281,2.246,1.861,,2.16,2.197,,,0.652,8.862,24828.578,13028636.25
99,INT0032,EXT0027,1.975,8.869,6.458,2.859,8.159,8.614,8.465,9.189,2.522,7.55,2.303,4.21,,3.642,,,0.799,3.123,18565.448,54957664.97
100,EXT0004,EXT0022,9.847,9.374,0.432,1.648,1.317,7.26,8.178,2.135,5.059,8.407,3.664,,2.711,2.952,,,0.558,-4.049,56937.177,69199644.9
101,EXT0031,INT0020,8.733,6.363,7.611,1.601,4.616,0.093,2.467,7.265,9.918,0.992,2.007,4.0,1.02,,2.775,,0.76,2.32,19614.449,36183072.3
102,INT0025,INT0031,7.838,5.542,0.052,7.61,0.353,7.457,2.025,9.581,3.679,3.269,0.744,1.528,,4.383,,,0.997,-2.634,45412.452,72485022.88
103,EXT0017,EXT0018,8.862,5.93,3.915,4.126,6.956,0.032,6.196,3.555,7.942,0.93,,,2.941,2.405,,3.39,,-8.703,58418.395,56586974.21
104,EXT0011,INT0013,5.607,6.035,6.765,8.05,2.698,8.25,4.983,0.771,0.586,3.342,,3.924,3.538,3.943,,2.828,,-1.196,15597.8,33491082.61
105,INT0020,INT0010,4.34,0.886,2.206,5.982,7.357,9.983,9.331,6.426,4.212,6.362,3.928,,0.592,2.05,4.199,,0.445,1.437,59189.167,19263149.06
106,EXT0017,EXT0009,3.622,3.345,0.262,0.242,8.317,2.731,5.181,2.987,9.407,2.593,2.148,,4.364,4.21,0.931,4.112,,-0.836,48813.918,14214517.27
107,EXT0005,INT0030,0.806,7.279,4.965,4.369,7.295,7.655,1.589,6.102,1.354,7.514,,3.285,4.783,0.345,,0.757,,-4.356,26908.863,25450901.11
108,EXT0007,INT0004,9.063,2.495,2.719,7.594,4.497,7.767,0.654,4.876,0.336,0.627,4.532,,0.696,2.662,2.055,,0.413,7.997,3160.516,66715178.93
109,INT0024,INT0022,9.634,5.602,9.368,0.523,4.188,2.602,7.308,9.813,2.565,6.542,0.99,2.827,2.32,4.86,3.043,,0.415,-7.718,15973.436,23306376.07
110,INT0030,EXT0028,2.51,8.506,5.612,5.234,1.148,8.601,7.228,0.677,7.078,5.435,0.409,2.292,2.423,,0.829,4.756,,7.0,67233.211,46767260.54
111,INT0021,INT0010,4.118,6.51,5.454,0.623,5.125,8.064,4.592,0.52,7.863,2.014,1.293,0.824,1.651,3.784,2.597,1.422,,7.557,88078.604,87187264.08
112,EXT0007,INT0026,2.388,4.512,9.85,7.72,0.272,0.652,4.639,9.092,5.387,4.978,,,0.527,3.284,4.111,2.212,,5.512,96483.189,21172879.45
113,EXT0006,INT0003,5.233,2.871,7.929,5.776,6.346,7.979,3.96,9.151,5.33,1.58,,3.479,3.966,1.584,4.286,,0.916,-4.462,98368.626,14930441.28
114,INT0007,EXT0032,2.02,1.842,8.94,6.543,1.521,4.403,6.153,0.835,8.824,8.036,,,,2.526,,4.852,,-1.645,98426.922,67124079.88
115,INT0025,EXT0001,6.347,1.66,8.819,4.275,1.622,0.126,5.598,5.274,7.194,8.903,0.397,,3.657,,0.937,,0.872,6.381,54538.582,71314037.06
116,INT0006,EXT0008,3.144,4.712,8.216,4.593,3.578,4.942,8.282,3.352,1.738,7.12,,4.13,0.503,1.199,,1.139,,-3.041,45584.747,75133807.36
117,EXT0022,INT0023,6.511,6.209,3.524,8.414,4.713,9.791,6.341,1.263,6.762,3.251,3.432,,,0.348,0.874,4.351,,-5.456,83867.071,28648332.76
118,INT0022,EXT0001,6.429,6.942,5.127,3.053,2.126,0.332,3.039,6.532,9.383,8.712,,,,3.83,,,0.81,3.3,26768.399,90812308.04
119,EXT0028,INT0010,6.707,5.604,1.11,4.471,4.604,8.646,5.466,3.804,9.768,1.107,2.113,,,,,,0.138,4.798,91889.579,28723695.63
120,EXT0015,INT0012,8.583,2.922,9.108,7.54,8.049,0.18,9.628,7.267,3.048,8.294,,1.408,4.364,0.563,3.518,,0.587,-8.069,24947.489,2227999.59
121,EXT0017,EXT0016,4.688,3.013,5.984,2.972,2.999,7.432,0.481,9.029,8.523,6.678,2.966,4.462,0.927,,0.395,,0.316,5.892,4432.356,58697876.67
122,INT0029,INT0009,9.954,8.557,5.214,0.636,8.314,5.99,1.149,0.939,9.096,6.692,4.146,4.395,,2.859,2.587,2.437,,-3.661,44025.0,77614085.92
123,INT0005,EXT0007,6.019,8.925,4.434,6.071,6.313,5.917,7.026,2.374,5.124,1.042,,1.923,2.438,3.261,4.753,3.203,,4.872,51120.34,63776299.11
124,EXT0022,INT0020,0.709,2.544,3.619,4.725,0.456,1.4,2.768,9.715,3.313,4.82,,0.98,,3.054,,1.763,,-5.86,52140.69,1545074.12
125,EXT0016,INT0028,0.077,2.191,0.367,1.08,3.389,8.026,5.72,5.127,2.935,9.318,1.985,,,0.435,3.085,,0.202,-3.096,51233.782,87548029.94
126,EXT0014,INT0008,4.935,7.023,9.928,1.315,2.747,3.946,4.218,4.11,9.076,7.14,3.04,1.547,4.119,,4.775,,0.839,-9.969,64003.736,6062402.76
127,INT0003,INT0007,2.576,0.595,6.038,6.866,1.145,3.838,4.562,3.691,1.21,4.189,,3.756,0.355,0.401,1.774,,0.948,3.371,68188.326,36830079.09
128,INT0027,INT0028,5.937,0.101,6.361,9.133,6.126,8.737,7.24,1.206,9.025,0.664,,2.67,,,0.711,0.553,,-1.559,30209.03,49114048.89
129,INT0019,INT0017,5.772,0.437,1.23,5.586,3.432,7.292,6.523,8.456,6.925,4.299,3.365,,1.377,,1.532,4.05,,-1.072,80039.654,82419814.99
130,INT0031,EXT0010,8.576,9.166,4.31,3.189,5.822,3.712,6.011,7.056,6.884,3.746,0.834,2.153,0.713,4.45,1.729,1.195,,-9.491,64936.416,64053329.43
131,EXT0026,EXT0015,3.406,0.717,4.096,3.112,6.771,6.058,3.646,2.179,9.88,4.54,3.441,0.703,2.428,,0.138,,0.555,9.28,39036.465,4860605.24
132,EXT0007,EXT0027,0.31,3.88,1.6,0.234,7.562,4.585,2.892,9.001,1.161,9.559,1.57,4.442,,,3.015,4.22,,9.68,29552.138,96152413.06
133,EXT0025,INT0010,3.895,3.855,3.404,5.414,1.541,5.537,5.417,7.619,8.336,4.404,,1.512,1.297,0.973,0.288,,0.408,-4.595,96675.321,56213173.8
134,EXT0010,EXT0017,3.473,5.805,1.392,4.44,6.262,4.889,4.018,9.938,8.803,6.234,,2.847,3.103,1.007,1.976,,0.136,-0.489,54759.434,23547223.87
135,INT0028,EXT0024,9.64,9.095,7.221,5.334,8.7,1.307,7.905,1.248,7.942,2.758,4.385,4.72,0.744,2.313,4.905,2.675,,7.271,59284.421,38157660.88
136,EXT0023,EXT0009,2.858,2.032,7.618,3.865,5.113,4.923,5.773,8.656,9.807,4.076,4.138,3.823,2.868,,4.78,,0.28,-7.815,85542.235,44475831.85
137,INT0012,EXT0024,8.47,8.931,0.625,8.835,4.483,5.104,6.266,9.264,0.191,4.768,3.439,,,3.614,3.463,,0.221,-4.012,36512.837,80639283.56
138,EXT0011,INT0016,2.788,2.107,9.574,0.089,9.978,6.768,8.285,2.946,0.143,7.379,4.171,,,3.702,,1.143,,5.069,77123.355,66195511.05
139,EXT0005,EXT0008,7.661,8.459,6.136,0.886,4.876,0.776,4.075,4.071,0.66,3.488,0.555,4.041,4.738,0.362,4.776,2.852,,-4.009,8609.345,50561802.54
140,EXT0016,INT0015,7.945,7.071,0.502,0.729,4.029,2.953,2.324,2.81,8.035,9.292,,2.026,,,,,0.915,-3.57,48167.262,23376870.78
141,INT0004,EXT0003,6.405,9.79,6.035,3.578,6.478,1.229,8.887,5.031,4.493,5.859,3.124,0.359,,,3.413,1.589,,4.279,82430.945,80591892.25
142,INT0019,EXT0020,5.525,5.202,1.429,7.753,2.714,4.967,2.843,1.338,6.296,0.543,3.743,,,1.588,0.001,2.8,,-9.063,28340.786,70990672.26
143,EXT0027,EXT0012,0.627,8.393,0.038,2.468,7.409,3.163,1.019,3.602,2.704,8.427,1.567,3.945,4.459,,2.169,,0.919,-2.454,96443.763,9839662.93
144,INT0020,INT0021,6.87,4.938,3.876,6.327,7.039,0.044,1.67,7.13,6.664,9.66,,3.805,4.754,3.513,1.49,,0.195,5.636,64770.773,5770415.23
145,EXT0022,EXT0003,3.601,9.568,5.004,4.327,4.577,2.089,3.687,3.698,0.524,7.676,2.083,4.111,4.252,1.06,3.287,,0.525,7.603,22358.327,68103506.83
146,EXT0008,INT0006,6.078,2.953,1.366,6.516,7.386,3.156,6.448,3.951,7.132,1.992,4.451,,1.437,1.839,,,0.152,-7.77,52070.328,27491675.0
147,EXT0001,EXT0006,8.355,0.147,3.791,3.373,0.193,1.244,4.136,4.929,4.043,5.309,2.976,0.05,,2.32,4.817,,0.567,3.551,31874.522,77625146.44
148,EXT0014,INT0010,7.729,5.213,9.76,1.256,0.169,7.702,8.072,1.202,2.656,0.176,1.467,,3.866,2.59,1.74,2.173,,-9.973,30680.252,64999415.42
149,EXT0023,EXT0020,9.742,8.471,0.236,8.986,7.832,7.804,4.58,3.98,3.029,0.657,,1.141,1.233,2.42,3.737,,0.526,-8.843,95821.19,94329707.59
150,EXT0027,EXT0015,7.852,9.913,5.445,9.628,0.756,3.657,2.254,1.958,1.408,6.224,3.907,,2.891,0.735,4.056,3.362,,-2.237,67738.899,26730592.95
151,EXT0008,EXT0012,3.452,9.175,2.905,4.7,8.901,7.077,0.622,1.473,0.078,6.309,2.238,,0.671,4.79,2.648,1.589,,0.012,68282.413,8547682.58
152,EXT0013,INT0019,2.747,8.07,4.597,5.466,4.328,0.439,1.657,4.455,2.092,0.5,4.218,4.906,3.966,4.269,,,0.318,9.213,20495.645,95191551.23
153,INT0023,EXT0032,9.948,7.117,9.811,5.695,2.595,4.37,5.936,0.731,6.223,9.812,0.951,3.963,4.539,4.719,,,0.964,0.429,97753.483,75973710.51
154,EXT0010,EXT0009,1.617,4.769,7.183,2.473,6.406,6.666,1.627,5.651,7.716,4.989,0.061,0.045,1.785,4.631,1.143,3.355,,-5.558,32845.329,84956166.87
155,INT0010,EXT0008,7.289,0.954,4.287,0.292,4.809,6.624,1.185,2.889,3.978,9.195,4.966,0.225,3.805,1.859,1.962,,0.779,8.369,95141.931,58135136.02
156,INT0012,EXT0018,3.571,7.875,2.51,5.641,3.586,6.566,2.404,1.916,9.182,1.018,2.53,1.104,,,0.195,,0.132,-6.496,86810.265,28965395.65
157,INT0025,EXT0010,9.505,5.816,4.366,5.801,5.167,7.588,2.825,3.531,8.941,9.465,4.463,2.097,,3.902,,,0.529,-0.049,21263.331,59521900.02
158,INT0011,INT0023,1.861,3.316,8.55,2.071,0.712,0.69,9.408,5.069,4.094,8.109,4.179,,,1.661,3.468,3.97,,3.093,16007.912,87712425.27
159,EXT0005,EXT0018,5.391,2.825,4.252,0.376,1.279,7.655,0.0,4.166,5.225,0.546,4.865,1.131,1.521,,1.52,1.537,,-9.971,73205.135,96717704.48
160,INT0013,EXT0018,2.243,6.63,7.419,8.484,4.226,3.029,3.253,7.126,8.168,1.816,1.855,,4.51,,,4.13,,9.697,75670.578,39926324.9
161,INT0019,EXT0013,5.906,6.61,0.785,5.445,7.093,1.673,7.806,5.838,9.522,0.424,1.327,3.008,1.483,3.572,,3.916,,-7.95,51871.592,51380165.0
162,EXT0017,EXT0011,3.693,9.329,8.275,6.972,7.143,4.617,9.21,6.946,7.29,8.617,,1.37,,,4.035,,0.276,-3.093,34225.435,97874021.37
163,EXT0023,EXT0015,8.565,7.012,7.271,5.621,9.471,4.963,3.805,1.63,7.862,7.344,1.922,0.126,,4.195,,0.551,,4.074,97055.454,44328471.49
164,INT0018,INT0020,2.35,7.049,8.171,5.464,9.67,0.517,5.048,7.185,8.626,1.793,4.0,,2.764,,,,0.457,-7.366,86664.28,16570047.61
165,INT0005,EXT0012,3.098,2.9,8.714,6.727,7.967,2.505,6.249,5.717,8.328,9.061,,0.061,3.37,0.259,2.744,,0.359,-3.864,35942.892,62507952.46
166,INT0022,EXT0025,3.34,7.327,4.045,0.684,7.838,2.858,4.328,6.854,3.325,0.566,1.87,4.722,,,3.209,,0.704,2.646,20700.222,42415052.55
167,EXT0026,INT0030,7.509,1.014,2.779,2.763,4.32,9.804,0.675,5.187,1.794,9.707,0.567,2.018,,3.689,,3.67,,-1.545,35305.893,40363625.48
168,EXT0025,EXT0028,2.643,2.053,4.83,2.685,2.875,6.568,9.685,6.036,0.77,0.756,,,4.757,1.486,0.46,3.196,,2.473,65201.977,27472800.76
169,INT0018,EXT0001,0.151,9.65,2.509,6.76,7.066,6.1,3.129,2.711,5.977,8.661,4.734,0.53,0.774,,,,0.95,4.731,88416.389,21060630.78
170,INT0016,EXT0005,5.876,7.011,6.801,4.082,0.154,5.829,2.531,4.503,9.576,3.99,4.199,0.943,3.362,4.885,,0.959,,-9.834,43924.696,10169922.82
171,INT0029,EXT0026,7.484,9.145,4.34,2.587,4.344,7.234,0.091,5.895,6.133,6.377,,,1.21,3.57,0.457,1.397,,7.549,74133.592,2360809.85
172,INT0011,EXT0016,2.484,2.144,2.708,2.476,0.625,4.589,7.327,6.067,6.729,0.811,4.757,4.192,4.025,,4.115,4.697,,0.885,20827.92,62061577.18
173,INT0005,EXT0005,7.429,7.379,5.214,0.685,3.711,9.208,5.844,5.383,2.689,3.684,,4.477,,,3.332,,0.809,-0.913,63394.475,25589977.27
174,INT0011,INT0003,7.055,4.276,4.425,6.493,9.363,0.64,8.247,2.924,4.439,0.219,1.505,,2.513,,0.281,2.71,,8.542,11433.929,76679632.08
175,EXT0005,INT0031,4.097,6.552,2.602,1.595,1.605,0.705,1.856,6.642,8.817,8.141,3.426,0.552,1.446,,1.549,1.625,,0.3,54019.828,36331711.54
176,EXT0032,INT0003,3.538,8.286,7.893,3.078,9.138,9.528,3.267,3.544,5.056,9.411,4.382,0.513,,1.964,2.767,2.764,,-6.123,86022.86,68017137.52
177,EXT0022,INT0024,8.379,8.588,7.484,4.392,6.105,1.604,6.736,1.793,6.939,2.296,0.588,0.826,,0.01,3.594,,0.759,0.299,16974.917,9271879.41
178,INT0003,EXT0018,0.191,1.657,8.909,2.415,3.543,1.053,2.224,5.192,6.078,2.454,,0.289,1.955,1.171,,1.488,,9.197,62013.748,56130965.87
179,INT0009,EXT0013,4.158,4.289,5.409,6.964,7.021,1.717,5.001,4.12,8.705,6.314,2.663,0.577,3.028,0.586,,2.017,,-7.143,69515.291,21418959.27
180,EXT0014,EXT0012,3.919,8.957,2.043,5.078,4.193,0.181,7.928,0.69,4.743,5.607,,3.142,,3.443,1.266,,0.109,4.469,54030.003,83775652.62
181,INT0018,INT0009,8.214,8.433,4.851,3.336,7.916,4.513,1.834,8.55,8.826,4.663,,,0.378,1.939,,,0.823,8.035,21143.802,7630387.59
182,EXT0009,EXT0008,8.774,3.894,5.418,9.681,0.666,6.483,0.741,3.755,8.038,4.335,4.986,,2.795,1.606,,1.491,,-2.99,37880.794,7802654.09
183,EXT0014,INT0007,3.696,4.642,7.227,6.567,7.088,0.084,2.177,6.617,4.84,0.053,,4.022,3.864,2.742,,,0.16,5.33,58787.645,78414037.74
184,EXT0018,EXT0012,7.517,8.03,5.18,1.403,6.712,6.205,7.423,1.699,1.95,8.904,,3.75,4.541,,3.794,,0.637,3.083,89023.664,58301868.7
185,EXT0023,INT0011,6.324,1.565,4.739,7.164,2.709,2.023,3.138,2.415,2.149,4.249,4.539,,2.535,0.94,0.385,3.633,,-2.344,82361.264,66291566.1
186,EXT0006,EXT0008,7.962,2.719,6.924,2.641,9.391,6.364,3.245,2.695,1.909,6.946,1.094,,2.977,1.323,3.31,,0.833,5.561,76324.282,19584518.16
187,EXT0014,EXT0024,0.884,6.989,3.683,4.323,0.311,2.596,0.337,8.792,2.434,5.573,0.195,,,3.334,1.615,4.541,,7.762,33203.771,90195128.67
188,INT0021,INT0004,9.962,8.254,8.449,2.49,5.767,0.673,0.949,9.989,3.266,7.482,4.033,4.29,,4.988,1.207,,0.136,-1.776,13877.986,3220163.03
189,EXT0015,EXT0018,3.604,7.837,5.662,3.128,6.543,2.32,0.144,7.644,6.237,7.623,,0.195,4.186,3.098,2.817,3.311,,7.289,59106.714,58514087.61
190,INT0010,INT0018,9.907,7.567,4.423,7.074,3.892,2.289,5.969,9.282,9.291,3.419,2.638,1.058,4.978,4.906,3.248,,0.824,4.302,59722.664,6281451.7
191,EXT0032,EXT0018,4.548,6.748,6.775,3.731,9.417,1.674,5.004,6.909,6.971,6.486,,1.376,,,0.781,,0.672,1.986,18756.245,70808775.41
192,EXT0031,INT0026,4.552,6.678,8.374,1.697,0.191,7.791,6.097,6.996,8.382,8.028,4.805,,2.68,,2.442,2.308,,-6.926,57688.116,28424239.91
193,EXT0009,EXT0013,9.213,5.832,5.928,3.549,0.52,0.317,4.233,0.846,6.068,8.81,,4.415,3.295,1.056,4.315,,0.897,-6.067,74005.182,29365435.34
194,INT0023,EXT0015,8.026,9.972,0.3,8.974,6.226,9.734,4.65,8.474,0.624,3.353,0.335,4.877,4.085,4.263,,4.721,,-8.298,39174.162,8032454.02
195,EXT0016,EXT0028,2.108,2.294,4.691,2.686,1.01,1.675,1.473,9.731,7.593,9.678,,2.199,1.392,3.991,1.631,,0.369,-5.35,13838.219,26389843.04
196,EXT0030,EXT0021,3.553,6.74,0.626,2.105,8.09,1.469,3.426,8.647,1.549,0.827,,,2.423,,1.512,3.035,,6.076,14577.7,58489209.37
197,EXT0013,INT0017,5.055,1.441,6.24,2.736,4.878,0.823,4.596,3.065,8.224,0.57,,,2.093,2.292,,3.763,,1.486,67054.021,77927879.28
198,INT0008,INT0016,8.622,3.139,5.38,8.401,9.895,8.895,3.715,1.952,4.894,7.416,2.463,2.416,4.191,,1.807,,0.874,-1.864,33495.077,45945001.21
199,EXT0005,INT0011,7.624,1.26,1.964,9.514,1.755,5.677,5.793,4.896,6.447,2.298,2.763,1.861,3.308,0.706,2.854,,0.267,-4.427,22652.27,19100940.21
200,INT0022,INT0020,8.257,2.857,9.271,9.699,5.713,1.43,3.745,7.977,3.674,0.87,2.784,4.226,,3.98,,1.288,,3.455,22829.922,22602545.92
201,INT0004,INT0011,8.741,2.497,2.632,0.007,8.707,7.926,6.273,7.503,1.52,4.583,1.756,0.469,2.431,4.604,,0.68,,-4.171,21546.553,24576518.71
202,INT0004,EXT0032,9.084,4.681,4.663,7.606,1.545,4.873,4.3,5.969,9.996,7.694,,1.989,4.138,0.854,0.152,,0.284,-3.192,51547.495,61897784.91
203,EXT0020,EXT0007,9.106,5.099,5.013,0.502,0.349,5.512,4.382,8.392,1.607,0.25,2.245,1.187,0.248,3.623,0.558,3.237,,-4.379,18176.109,38595400.77
204,INT0019,EXT0009,8.014,3.921,7.508,1.255,7.728,2.369,6.774,5.658,9.291,3.873,,0.331,,0.096,4.134,,0.572,5.505,24208.134,35163290.81
205,INT0014,EXT0009,0.301,9.615,6.679,9.332,2.655,6.115,6.785,3.175,8.481,9.472,4.424,3.695,1.387,1.408,4.817,,0.109,4.321,70918.37,62646264.55
206,EXT0022,INT0032,9.901,3.119,3.4,0.789,4.428,2.61,3.434,8.346,9.355,1.857,,,,,,2.176,,8.573,7119.038,10143692.28
207,INT0021,EXT0032,1.628,5.952,1.505,9.681,4.467,5.015,2.467,4.71,6.619,7.512,,3.769,,2.889,4.522,4.178,,5.141,6504.947,1680918.26
208,EXT0027,INT0031,2.124,6.635,4.112,4.024,8.846,8.956,9.092,3.139,6.911,2.716,0.953,0.923,1.711,2.15,,,0.848,-7.602,73757.659,53614036.5
209,EXT0029,EXT0005,2.879,4.928,2.999,5.961,4.338,1.644,1.166,5.467,9.024,3.44,3.665,,3.293,,,,0.938,6.42,57093.921,66046019.33
210,EXT0015,INT0006,8.984,3.995,3.268,0.108,8.266,8.01,1.045,5.769,4.64,1.187,4.903,1.073,0.336,2.974,3.694,,0.129,3.174,53696.896,11223235.88
211,EXT0004,INT0016,1.725,5.68,2.964,9.383,8.187,9.836,2.597,9.697,4.312,3.475,0.252,0.264,3.46,,2.29,1.519,,2.279,26032.954,58185543.68
212,INT0019,INT0026,3.592,8.236,8.207,4.774,3.508,3.626,8.057,3.282,2.091,0.847,2.333,2.411,4.205,1.106,,,0.443,6.168,82538.737,39076496.52
213,EXT0027,INT0020,4.591,3.033,9.326,1.186,9.337,6.839,5.316,0.327,4.756,4.077,0.806,3.282,4.856,2.811,3.574,,0.162,-1.647,12519.49,61666787.72
214,EXT0007,EXT0012,9.385,6.618,0.768,3.547,5.507,4.032,8.336,8.147,6.118,3.735,1.277,0.529,1.774,2.066,3.379,3.462,,-8.598,40130.672,18996107.85
215,EXT0011,INT0015,1.568,8.273,0.419,4.192,1.682,8.793,5.57,2.314,5.024,7.315,,4.791,,,1.102,4.488,,8.686,91725.634,63906021.33
216,EXT0029,EXT0002,6.298,4.032,7.524,5.313,6.774,4.285,7.315,8.245,1.464,8.329,,,,2.701,,,0.86,-1.374,38525.008,91591012.52
217,INT0022,EXT0017,2.512,8.442,4.84,5.141,3.085,5.73,3.252,0.393,2.72,0.064,4.892,4.829,1.976,,3.642,2.056,,3.422,80737.574,94728868.22
218,EXT0009,EXT0022,4.002,7.833,2.659,9.903,0.258,6.035,6.595,6.88,1.204,9.385,0.906,3.114,1.113,,,,0.376,0.929,42302.148,16862334.5
219,INT0008,INT0018,1.709,4.181,7.573,8.98,0.841,3.931,1.002,0.166,6.617,6.024,0.815,1.169,,0.119,4.175,,0.977,-7.291,23916.046,86972542.87
220,EXT0014,EXT0002,9.265,4.196,0.506,0.394,5.739,3.929,0.287,5.833,0.113,7.874,1.532,0.201,2.942,1.988,4.869,,0.59,-4.495,71234.448,27877708.25
221,EXT0007,EXT0005,9.042,3.747,5.499,0.506,4.261,8.324,8.056,2.243,2.261,8.173,,4.652,0.477,2.25,1.687,,0.884,-8.33,21901.468,75494365.42
222,INT0016,EXT0017,0.513,4.925,4.421,3.344,3.946,5.299,1.614,5.72,8.054,7.602,,0.769,0.746,,1.341,2.125,,-1.831,68290.024,6611362.78
223,INT0011,EXT0013,0.347,3.919,6.972,1.934,6.415,2.598,8.861,8.957,2.973,2.3,,2.057,,1.203,,3.526,,6.521,67636.121,82610694.28
224,EXT0003,INT0018,3.97,1.563,7.38,3.605,6.713,2.706,0.812,9.926,1.562,9.884,4.886,,3.969,3.297,,3.1,,7.322,29654.513,47300440.04
225,INT0030,INT0007,6.194,4.112,4.275,3.303,5.642,8.506,2.015,9.344,6.891,8.233,2.781,3.898,0.081,4.092,0.201,,0.901,9.839,30112.679,21821537.07
226,INT0021,EXT0021,7.654,2.53,8.656,1.028,1.26,9.792,6.738,8.469,3.243,6.765,2.971,,3.016,3.413,,3.089,,-1.419,28316.347,77089551.76
227,EXT0005,INT0008,2.263,6.924,2.333,6.253,7.471,2.187,0.599,1.31,6.06,8.494,,0.225,3.671,1.707,,,0.531,8.577,33865.179,47068356.46
228,INT0023,EXT0022,0.137,0.816,2.586,0.279,6.314,4.264,5.481,1.746,2.959,6.638,,4.827,,,0.252,4.507,,1.538,56828.037,50527574.99
229,EXT0006,INT0005,0.694,0.899,6.009,3.41,9.173,4.066,1.433,7.147,2.934,5.255,3.489,4.501,3.961,,3.382,,0.712,8.918,30286.586,1110097.33
230,EXT0032,INT0018,2.72,2.179,6.618,6.337,5.935,0.162,7.288,3.235,6.651,5.566,,1.714,0.673,0.472,4.158,4.633,,2.996,11239.977,40800694.47
231,EXT0001,INT0024,7.289,7.798,1.182,0.0,7.121,3.566,2.545,0.129,5.403,8.512,4.788,2.829,2.572,0.425,2.744,,0.442,2.143,39483.908,24789613.22
232,EXT0020,EXT0023,0.95,3.149,0.966,1.769,9.873,4.441,5.319,8.736,9.956,5.827,4.062,1.635,1.529,2.014,3.363,3.57,,-3.695,14187.782,63607229.39
233,INT0032,INT0001,1.283,5.785,6.934,7.006,7.535,8.729,5.0,7.302,6.192,1.866,0.128,1.423,,,2.215,,0.655,6.999,20428.326,13429429.2
234,INT0002,EXT0002,9.635,1.08,4.785,5.856,5.414,0.86,0.57,1.055,5.856,5.443,1.169,3.189,4.1,0.208,2.491,3.602,,-4.954,31469.32,61750152.4
235,EXT0008,INT0016,8.979,8.099,5.831,7.302,3.648,6.41,4.662,1.899,7.017,5.565,1.793,,4.557,0.105,,1.921,,-8.862,76886.204,70508637.96
236,EXT0027,EXT0016,3.314,6.757,3.959,7.563,4.542,4.123,9.347,2.509,1.204,5.845,4.847,1.889,0.31,1.697,2.53,1.229,,3.162,99777.19,45722208.12
237,INT0032,INT0011,3.547,4.007,1.151,8.833,4.148,3.873,6.597,4.42,6.482,0.614,4.069,4.703,3.244,,4.773,,0.236,-0.452,60578.867,58591928.09
238,INT0026,INT0020,4.015,3.381,1.268,3.917,1.627,7.344,2.088,0.586,5.524,5.952,4.36,,2.885,1.727,,4.114,,0.806,8848.748,57019205.47
239,EXT0026,INT0008,9.08,3.963,2.963,1.435,1.514,4.328,5.957,0.806,9.396,7.551,2.933,4.142,0.401,2.384,3.15,,0.846,5.669,28429.856,94147136.79
240,INT0003,EXT0019,1.243,8.751,9.709,1.772,7.221,0.403,4.054,5.163,5.806,9.359,3.361,2.406,4.048,4.753,0.11,,0.984,-8.277,81624.291,28753140.5
241,INT0008,INT0009,1.322,4.399,6.44,3.81,0.546,5.995,9.024,3.832,2.163,4.426,,0.242,4.102,4.132,2.94,,0.418,5.996,55914.015,82767298.55
242,EXT0022,EXT0016,6.315,7.844,5.986,4.141,9.579,5.411,6.051,2.205,6.257,5.716,,0.924,,,0.298,,0.644,5.274,52816.736,23450489.91
243,INT0018,EXT0013,6.665,0.801,4.418,1.634,1.845,2.023,3.867,0.512,3.978,5.117,2.416,,1.914,4.196,,,0.231,0.114,7142.1,8044412.21
244,INT0003,EXT0007,5.739,5.66,8.78,5.579,9.598,0.487,0.98,0.441,1.853,5.413,3.228,,0.228,4.73,4.211,1.835,,-8.456,17818.82,13567496.96
245,INT0020,EXT0004,1.233,5.186,2.458,3.581,9.895,6.843,9.49,1.426,3.821,5.547,0.384,,,0.021,3.352,,0.678,-1.784,49474.764,42128857.06
246,INT0003,INT0031,0.24,3.354,1.771,0.984,9.567,5.994,7.287,3.154,3.931,2.369,0.485,0.895,3.988,3.388,,2.961,,-0.498,92320.994,8200759.83
247,INT0006,EXT0020,2.806,3.499,7.824,9.925,2.407,8.743,8.306,2.247,3.993,4.097,4.891,0.904,,,3.996,,0.401,4.617,42581.089,58257616.55
248,INT0030,EXT0009,8.326,8.042,8.664,0.596,6.921,1.4,4.158,5.486,4.027,5.196,4.983,,,0.676,,,0.708,-2.08,14167.97,16714939.57
249,INT0029,EXT0021,9.493,8.796,9.07,9.915,2.083,3.554,6.692,4.838,4.184,3.578,2.969,2.878,,,,,0.245,-0.565,55793.706,57458406.93
250,EXT0023,EXT0032,2.101,7.423,0.252,3.548,7.802,5.639,2.612,6.95,5.674,7.962,3.675,3.051,2.441,0.666,1.307,,0.477,1.986,51857.078,29530268.07
251,EXT0021,INT0020,0.065,4.962,2.856,7.346,0.239,5.848,9.415,1.744,4.716,0.914,3.128,2.753,2.037,2.607,4.483,,0.277,-9.549,86304.824,58134591.16
252,INT0019,EXT0028,8.907,5.969,8.102,4.297,7.499,9.13,5.721,1.808,2.688,1.986,,1.234,,1.532,2.776,3.146,,-1.47,61926.657,9075917.64
253,INT0027,EXT0011,0.878,1.718,5.181,2.14,2.833,4.003,8.119,0.139,6.494,6.689,3.993,,,4.664,,0.591,,-6.924,88730.958,46393337.66
254,EXT0003,EXT0017,5.646,6.63,6.791,9.317,9.969,7.202,2.872,8.798,0.492,2.311,4.487,1.281,,1.103,,,0.224,7.182,50505.768,67814427.1
255,INT0028,EXT0030,2.391,7.58,7.6,3.126,4.107,2.097,9.766,6.456,9.345,3.034,3.909,,3.829,,3.458,4.845,,-2.129,13941.015,67499177.07
256,INT0016,EXT0030,7.293,5.751,2.068,5.045,3.122,4.275,6.452,7.452,2.322,4.053,,1.346,,0.993,3.917,4.592,,-2.595,75376.614,89802533.65
257,EXT0005,EXT0017,8.461,1.828,9.563,3.767,3.392,0.624,4.862,1.09,2.485,3.169,4.044,4.377,1.512,4.293,,4.358,,5.293,15522.816,69341961.84
258,EXT0029,EXT0009,9.45,6.825,3.316,5.006,6.457,5.106,1.2,3.121,8.024,8.614,,0.687,4.762,1.644,3.312,3.883,,6.239,94629.221,31979035.25
259,EXT0002,EXT0022,8.585,1.317,7.05,7.42,6.777,2.523,8.73,1.689,0.536,7.175,2.377,4.245,1.917,0.841,4.182,,0.594,-6.216,72318.016,51600250.21
260,EXT0012,EXT0001,6.043,4.609,8.287,8.296,7.094,1.054,8.389,6.71,6.97,3.63,,4.396,,,3.627,,0.201,-1.844,88751.656,5672473.47
261,EXT0014,INT0022,9.614,6.792,6.314,2.706,2.488,9.421,2.983,7.755,3.931,1.393,0.054,2.721,4.879,,,,0.432,-2.856,35065.07,52533839.89
262,INT0005,INT0010,4.407,8.799,5.055,5.078,1.384,9.827,2.5,0.734,6.631,5.954,,2.076,,2.111,,4.033,,-6.086,82205.079,65225964.28
263,INT0020,INT0002,4.19,4.58,2.566,7.521,5.129,3.209,5.961,9.957,4.353,9.207,1.725,0.274,1.021,2.093,,,0.298,-9.995,91585.152,84544061.71
264,EXT0031,INT0003,7.423,1.678,1.204,0.676,7.24,9.288,4.305,1.191,5.124,3.488,1.874,3.107,3.594,0.553,0.178,,0.995,-5.345,6329.222,19797657.58
265,INT0003,EXT0024,0.39,3.918,8.024,3.412,4.442,6.756,5.089,8.614,8.66,0.099,,,3.89,2.304,4.944,2.675,,9.738,75702.367,25611883.58
266,EXT0001,EXT0014,5.384,9.921,8.575,0.974,7.064,3.456,0.07,4.035,2.348,8.189,1.687,4.138,0.003,1.539,1.206,,0.31,-8.636,19525.303,55999407.42
267,INT0029,EXT0007,2.914,4.174,3.769,8.759,9.053,4.93,3.302,1.068,9.534,0.602,1.488,,1.49,,,1.942,,-6.714,78532.982,13127288.33
268,EXT0017,EXT0029,6.349,1.238,0.705,9.094,1.901,8.213,5.446,0.779,9.554,2.47,4.298,0.844,4.27,0.066,2.559,,0.792,8.696,91011.011,82142862.09
269,INT0013,INT0006,8.882,1.992,2.842,2.89,3.771,3.933,5.446,1.599,6.912,1.676,1.552,,2.517,3.982,3.697,,0.681,-6.885,55157.489,9657203.68
270,EXT0004,INT0005,3.774,4.135,0.398,2.74,9.556,9.536,3.523,0.431,1.791,3.922,4.739,,0.706,3.818,0.543,,0.983,-2.368,77748.219,34916517.2
271,EXT0019,INT0010,6.277,1.92,1.46,9.381,9.176,8.875,6.254,8.083,0.69,3.348,1.569,3.178,1.78,,0.743,,0.637,6.288,38830.226,14094602.79
272,EXT0018,INT0018,1.967,2.375,2.999,6.428,6.009,6.961,3.625,8.24,2.041,4.69,,4.005,0.901,,0.549,4.477,,-3.141,68703.142,3509511.82
273,INT0030,INT0010,6.9,3.161,0.557,6.098,2.408,3.868,0.806,1.472,2.98,0.898,4.554,,,0.03,,2.677,,-7.535,31460.23,92679896.42
274,EXT0003,EXT0026,1.617,9.658,2.058,7.416,5.467,8.845,5.54,5.346,1.955,1.662,4.582,1.639,,1.86,3.799,,0.405,9.041,74054.849,60145495.01
275,INT0011,EXT0006,8.809,0.496,2.571,4.65,2.27,7.439,9.192,4.238,3.421,9.616,,,2.224,2.445,,,0.416,8.191,57326.593,76455284.13
276,EXT0018,EXT0009,8.118,3.418,4.337,8.485,3.633,7.939,9.41,6.232,7.416,8.051,4.225,1.975,,0.256,,2.308,,3.475,45584.688,75147351.94
277,INT0012,INT0024,3.57,6.347,1.864,7.494,5.457,2.041,2.919,7.486,4.826,2.16,4.836,3.576,4.786,2.136,2.376,,0.908,0.501,71020.612,25965114.87
278,EXT0010,EXT0018,4.467,1.234,2.06,0.009,0.393,9.773,2.424,6.633,8.391,5.507,0.766,3.641,,,3.001,,0.758,5.395,97565.626,57782764.72
279,INT0032,INT0022,3.416,6.485,0.684,8.974,1.194,3.278,8.157,5.973,3.936,4.734,4.273,1.7,4.348,0.441,3.884,4.314,,-6.364,43604.307,17384477.69
280,EXT0007,EXT0030,7.066,5.353,6.353,1.965,2.117,0.415,3.221,5.597,8.579,6.669,,2.177,,,4.766,,0.747,8.603,53231.209,26631523.2
281,EXT0027,INT0014,0.528,7.261,1.213,3.028,5.325,5.644,6.006,1.663,3.797,6.172,4.849,3.638,4.613,,3.811,,0.633,-6.16,67001.88,62714577.03
282,EXT0025,EXT0011,6.025,4.898,5.287,3.344,5.193,1.976,8.052,1.858,0.85,4.362,3.292,,2.189,1.384,2.791,,0.412,8.657,92341.869,50734810.18
283,INT0026,EXT0030,3.279,7.371,0.367,4.748,3.363,9.205,0.12,5.528,7.407,4.85,0.427,,,4.862,2.59,3.264,,-5.268,48866.31,43485799.7
284,INT0032,EXT0010,0.749,1.062,8.375,2.398,1.95,5.049,7.687,0.619,5.768,1.192,0.182,,0.264,4.171,0.59,,0.141,-1.242,84555.354,26978429.27
285,INT0024,INT0004,4.217,0.399,4.491,5.776,5.709,3.324,3.155,1.066,3.668,0.995,,3.833,,4.831,4.85,,0.879,2.016,70385.704,29235374.47
286,INT0018,EXT0007,6.308,4.556,4.82,7.578,2.819,3.18,9.246,0.562,4.856,9.128,3.052,2.732,,,1.249,,0.409,7.041,56362.595,51959477.18
287,EXT0030,EXT0020,0.996,0.16,9.637,3.77,6.032,0.797,6.831,9.326,5.757,1.261,2.909,,,3.832,2.032,,0.892,2.974,90025.643,62727025.81
288,INT0011,INT0014,1.313,3.097,2.018,9.088,7.604,6.764,3.01,1.84,7.565,4.742,,1.129,3.083,0.202,1.631,,0.522,-7.041,98480.793,21700639.09
289,EXT0020,EXT0011,1.304,2.035,7.691,4.255,5.654,0.21,0.344,4.458,8.167,8.852,,0.434,2.692,4.566,1.94,,0.847,-7.326,93604.054,75390908.44
290,EXT0016,EXT0019,9.413,6.766,3.634,9.382,2.756,3.322,7.008,7.653,9.294,2.048,3.99,3.693,0.319,1.936,,1.772,,-3.91,98311.741,64634963.93
291,EXT0006,EXT0022,7.177,9.766,3.772,8.018,4.345,8.695,1.807,9.477,2.188,3.262,,3.781,,,1.969,3.237,,-1.109,74494.624,23604793.98
292,INT0027,EXT0030,0.585,2.999,4.743,1.68,3.548,4.0,0.574,5.833,8.843,1.517,2.989,3.324,,2.097,3.505,2.348,,0.093,1727.951,69480291.3
293,INT0015,INT0003,6.613,0.384,3.683,9.79,4.207,5.019,9.099,7.173,5.821,7.978,,4.322,2.284,2.376,,2.237,,9.334,70019.459,9239083.55
294,INT0023,INT0021,8.63,4.806,0.688,5.497,4.172,8.777,2.04,8.265,5.577,0.546,4.859,2.563,1.454,,2.347,4.36,,-3.902,20074.963,13778053.45
295,EXT0024,EXT0019,2.979,7.8,4.716,2.275,1.662,3.327,9.399,3.43,9.881,4.852,0.896,4.456,2.302,3.548,4.919,,0.145,-8.066,72325.217,28900675.33
296,INT0027,EXT0004,1.843,0.394,0.218,7.745,1.344,4.677,6.059,4.284,0.271,7.835,,,0.053,3.809,,4.52,,-1.343,54018.705,48221355.87
297,EXT0010,INT0026,3.892,8.874,8.939,3.358,6.151,9.269,9.621,5.09,4.528,2.787,4.794,0.714,,2.899,1.413,,0.351,-1.901,99880.501,6441664.38
298,EXT0019,INT0015,5.785,0.826,1.545,4.396,5.105,2.588,3.165,0.87,3.032,9.666,4.724,,1.674,,,3.069,,8.192,1612.198,81257673.46
299,INT0011,INT0018,9.484,0.913,1.614,9.607,5.375,0.142,2.576,4.499,6.929,7.332,4.977,1.438,2.691,2.667,2.028,1.261,,9.549,85478.401,50334969.8
300,INT0018,EXT0018,6.032,2.273,5.438,6.95,5.152,9.903,6.113,3.71,7.722,1.705,1.923,1.735,2.159,,,4.018,,-0.317,79607.431,58072401.41
301,INT0022,EXT0031,3.421,8.1,2.383,2.244,5.045,2.608,0.091,6.483,5.111,4.455,4.835,2.856,,4.317,,,0.226,1.384,86929.983,58727469.97
302,EXT0031,INT0018,7.18,3.72,0.924,4.579,3.945,8.671,2.44,9.667,9.581,2.476,1.74,4.478,4.833,2.217,1.605,2.867,,3.755,28073.977,73910844.29
303,EXT0025,EXT0031,0.517,0.493,3.863,3.535,3.156,4.91,3.207,1.923,3.095,9.749,2.056,2.224,,2.883,4.917,1.587,,3.626,71882.485,61125117.26
304,EXT0005,INT0022,0.886,6.769,0.641,5.961,7.396,2.11,8.416,0.304,8.438,4.603,,1.088,,0.669,4.767,,0.165,-6.018,35434.412,62403250.05
305,EXT0003,EXT0015,5.448,1.256,2.897,2.388,2.135,4.111,7.04,2.175,3.667,3.909,4.882,,,4.773,4.001,1.587,,-8.639,32373.51,27412660.39
306,INT0032,EXT0007,5.059,7.777,8.583,8.449,3.597,6.872,3.128,0.609,7.016,0.098,,2.046,1.647,,3.467,,0.79,-3.918,81351.074,30097759.29
307,INT0016,INT0031,4.463,7.27,6.929,9.874,2.252,6.623,6.097,9.151,1.564,7.518,2.841,,1.373,,2.372,2.002,,1.586,89011.06,57361193.46
308,INT0018,INT0027,6.317,5.187,0.512,2.329,4.92,3.102,1.818,5.041,3.228,2.581,,,2.32,0.666,4.639,4.405,,4.152,11515.169,77811848.19
309,EXT0006,EXT0003,8.08,7.678,1.14,6.439,8.343,5.774,6.464,4.584,5.287,0.344,,3.195,,,0.407,,0.492,-4.147,54997.367,14208217.22
310,EXT0021,INT0008,6.916,7.95,1.634,1.043,1.455,8.771,5.282,4.673,1.067,6.496,,,4.34,,4.141,,0.663,-8.494,12127.306,5881589.72
311,INT0032,EXT0019,2.575,1.357,2.6,3.851,9.43,6.104,8.35,7.104,1.125,7.359,1.375,3.196,1.705,4.988,1.318,,0.351,8.613,3439.796,69972209.8
312,INT0012,EXT0020,7.253,8.364,9.744,9.756,0.653,8.218,6.463,6.473,1.283,6.502,4.912,4.559,,2.196,,0.68,,-2.754,82812.641,70448411.05
313,INT0001,INT0012,4.593,0.551,4.269,4.69,9.286,6.411,3.117,5.253,0.661,9.726,,1.8,2.389,1.776,3.413,,0.696,4.306,27546.18,32251179.64
314,INT0028,EXT0023,1.253,6.555,0.398,5.977,8.697,8.908,4.49,4.593,0.77,6.708,,4.106,1.223,2.107,4.194,4.447,,-5.136,55506.493,20056821.91
315,EXT0031,EXT0012,1.019,9.111,8.205,7.6,0.488,8.437,4.38,3.424,5.465,0.914,,,3.783,2.912,,1.34,,-6.235,19240.617,6643236.37
316,INT0021,EXT0025,5.878,8.403,0.175,0.49,5.728,8.195,3.267,3.496,5.963,2.742,0.133,,3.676,,,,0.663,1.615,74426.729,67847852.92
317,EXT0007,INT0021,2.059,3.525,1.261,1.299,6.762,8.586,9.627,6.283,1.841,1.057,,,4.064,2.894,3.091,,0.803,4.066,83611.367,6565176.64
318,INT0022,INT0007,7.475,8.509,2.861,6.404,3.142,9.58,0.334,5.798,1.665,7.122,0.879,1.177,2.472,4.574,1.059,,0.23,5.18,50561.334,91266726.13
319,INT0001,INT0028,1.466,6.459,2.329,1.568,6.834,5.937,7.548,3.095,4.48,4.055,4.92,1.461,1.474,1.773,2.823,,0.327,8.306,27302.871,89685757.42
320,INT0016,EXT0023,1.035,6.566,9.07,1.687,9.683,4.529,9.457,6.768,3.016,1.883,1.519,0.465,0.719,0.523,,2.403,,5.912,14996.972,13901722.88
321,EXT0016,EXT0007,6.434,1.972,0.976,1.668,9.237,8.215,3.541,6.558,5.373,6.771,3.413,,,3.144,,1.697,,-9.22,46101.111,89206414.58
322,INT0002,INT0022,5.695,8.324,9.916,1.636,6.918,6.743,9.8,9.856,6.867,2.436,3.993,,0.535,3.903,4.551,,0.445,2.613,43584.13,44338740.44
323,INT0028,INT0012,3.104,7.621,9.362,9.408,1.748,8.747,7.374,2.528,0.673,2.68,,4.561,3.166,,3.605,1.657,,4.388,3784.029,38156813.23
324,INT0018,INT0032,6.268,1.461,8.23,2.35,6.523,4.052,5.96,1.075,0.169,9.096,1.348,4.098,4.997,1.057,1.326,,0.697,9.309,91665.62,50784676.49
325,INT0004,EXT0007,7.951,1.357,9.774,9.644,1.637,2.994,1.002,2.717,8.16,3.783,0.442,1.711,4.907,3.148,2.081,,0.25,9.724,82264.052,28866252.94
326,INT0031,EXT0032,0.701,0.566,1.204,5.808,9.288,4.967,8.429,4.459,7.086,7.319,0.87,1.806,3.187,0.353,,2.127,,0.696,99626.225,47978822.7
327,EXT0015,EXT0009,8.161,4.321,7.964,5.954,8.866,4.109,6.043,6.3,4.174,1.443,0.468,,0.083,4.368,1.182,,0.29,4.721,32681.595,51098424.55
328,INT0010,INT0003,1.625,9.597,8.516,8.638,4.068,7.624,1.439,0.086,0.2,5.866,2.277,2.59,0.037,,,2.402,,4.361,44826.676,73489701.42
329,EXT0005,EXT0022,2.33,8.131,5.884,2.108,2.367,6.28,8.299,4.156,2.583,8.67,3.346,2.24,2.44,1.021,3.134,2.114,,9.913,48538.168,49102675.01
330,INT0011,INT0027,5.659,9.168,8.008,4.511,7.187,5.862,4.924,1.923,4.639,2.458,,4.574,1.677,4.761,,,0.58,2.631,54751.104,13808681.08
331,INT0009,EXT0008,3.758,0.991,6.23,4.469,7.78,2.205,1.646,4.063,9.266,7.104,2.095,,,2.586,0.421,4.931,,3.328,29255.003,58995031.03
332,EXT0027,INT0008,1.095,9.658,1.748,6.48,2.455,7.176,7.768,6.734,6.145,8.925,0.393,,,1.655,,,0.323,9.76,39549.588,73528657.22
333,EXT0013,EXT0002,6.847,2.121,2.39,2.813,4.111,2.343,0.197,8.794,9.656,3.416,1.693,0.035,,3.401,,,0.843,-7.068,16806.969,79218241.75
334,INT0004,EXT0011,6.163,0.449,6.225,3.089,3.687,7.697,8.109,4.004,9.472,4.065,,3.859,2.419,,4.488,4.585,,-8.252,93712.84,82727949.31
335,INT0008,EXT0032,7.913,2.009,8.051,8.501,2.892,9.523,0.499,1.499,5.376,5.758,,3.226,0.085,,,,0.964,-9.108,15163.133,2387437.24
336,INT0015,INT0030,5.669,9.323,6.659,8.227,0.133,5.42,4.596,4.99,0.722,6.844,,2.516,,3.826,2.426,1.172,,2.965,18066.25,87367061.77
337,INT0020,INT0023,6.131,1.572,9.623,5.184,0.729,6.268,2.532,8.037,8.178,9.789,,,2.509,,,2.547,,5.07,14114.595,55144635.87
338,EXT0010,INT0032,5.462,0.895,4.18,8.533,8.562,0.992,0.907,2.627,8.748,1.289,3.6,,0.506,3.116,1.78,,0.81,-5.326,64280.981,24332570.92
339,INT0007,INT0023,7.137,8.737,1.268,8.666,5.936,1.271,4.275,1.609,7.003,7.589,0.529,2.531,4.073,4.681,,,0.562,9.006,54033.208,40024858.97
340,EXT0008,EXT0010,8.482,4.93,4.719,4.903,8.468,8.319,4.035,3.333,4.919,5.728,1.192,3.97,2.432,1.67,,,0.196,-5.223,94978.836,31204869.0
341,INT0032,EXT0028,1.689,4.607,3.071,0.352,3.231,5.441,5.517,3.566,4.473,9.655,1.887,,,,,,0.332,-5.131,46318.697,76192494.72
342,INT0032,INT0020,2.06,7.093,0.211,4.189,7.759,3.387,5.637,2.05,7.42,0.523,4.263,0.991,4.372,1.763,,,0.75,-3.615,90685.255,13537075.43
343,EXT0011,INT0001,1.785,4.93,0.819,1.96,9.438,9.765,3.763,9.233,5.448,2.697,,3.512,,3.295,4.946,,0.339,3.441,6150.352,12250957.83
344,EXT0022,EXT0031,0.039,9.995,8.023,7.867,5.097,3.001,1.513,2.847,3.76,7.563,,,2.698,0.387,0.09,0.96,,-1.79,93386.099,64102845.64
345,EXT0021,EXT0016,8.018,4.664,3.617,1.084,8.759,7.832,1.681,5.123,4.874,6.251,4.731,,2.899,2.701,0.252,0.783,,-6.253,4214.606,74591936.66
346,INT0008,EXT0024,7.233,1.361,8.361,1.548,3.012,2.49,3.723,2.547,4.89,4.074,4.933,0.28,0.711,,,0.738,,2.517,6396.418,83807534.0
347,EXT0026,EXT0003,5.119,5.27,5.616,1.708,1.977,3.188,5.935,2.101,1.163,9.701,0.11,,4.013,,3.94,1.837,,-7.287,15417.236,70045730.11
348,EXT0026,EXT0028,6.428,7.827,9.375,6.919,1.559,2.434,8.422,2.093,0.725,7.033,2.013,4.6,3.251,,0.452,4.765,,-4.829,34384.037,40823780.95
349,INT0016,INT0012,0.512,4.965,1.233,4.01,3.507,7.728,8.032,1.534,3.666,3.734,0.757,3.992,,3.536,0.952,,0.43,-7.884,63192.453,13015820.53
350,EXT0010,INT0019,9.859,7.807,3.902,5.786,9.113,5.541,1.745,3.787,8.431,6.442,3.254,4.334,4.47,4.599,0.474,2.949,,4.81,75935.758,61064904.0
351,INT0023,INT0004,1.668,7.974,7.201,0.861,4.638,1.74,3.375,0.181,4.003,5.499,,,3.098,3.317,4.181,1.47,,-7.59,85302.18,16504668.67
352,INT0018,INT0016,9.748,8.425,5.009,9.814,0.974,3.031,6.382,3.5,9.284,0.656,2.747,,,2.954,,3.437,,-4.887,37092.076,84524372.44
353,INT0011,EXT0002,1.949,8.269,5.627,7.622,7.136,2.075,5.688,8.677,4.321,9.666,,2.261,,0.714,1.947,,0.957,-3.606,86941.718,88243817.49
354,INT0012,EXT0011,3.502,0.833,7.246,3.115,7.829,4.427,4.853,7.779,3.824,4.431,1.881,,1.837,,2.63,,0.828,-2.765,52901.217,67402005.22
355,EXT0032,INT0004,2.694,2.775,9.334,7.235,5.772,6.477,0.293,6.181,5.095,5.457,1.797,0.407,0.967,,4.754,2.339,,-0.666,6218.269,4719056.72
356,INT0032,EXT0006,7.172,5.381,5.087,2.431,7.448,1.682,1.899,4.607,2.863,2.475,3.226,,3.255,4.123,2.089,0.829,,-4.527,98020.541,60029598.95
357,INT0032,INT0003,7.097,0.074,5.182,0.375,5.692,9.208,9.684,5.406,4.582,9.45,,,3.368,0.324,2.329,,0.316,-0.604,46091.092,58632335.48
358,EXT0003,INT0024,3.568,1.643,5.037,8.302,6.64,3.384,9.355,9.122,2.093,0.394,3.707,4.138,4.839,,4.449,,0.64,0.601,3756.264,25418988.24
359,EXT0029,EXT0014,4.596,6.285,5.573,7.426,2.798,5.65,0.881,4.137,7.502,6.934,,,,4.953,1.389,2.742,,-3.409,44619.708,85838062.86
360,INT0008,INT0029,6.842,8.824,2.035,8.734,0.598,8.886,3.291,3.146,5.121,9.407,0.239,,1.761,,,4.355,,-2.079,20716.533,43054623.95
361,INT0031,EXT0009,3.856,9.154,7.619,5.051,9.884,4.653,0.582,2.623,4.361,1.569,,4.738,,3.834,,,0.341,1.816,72423.467,94186613.96
362,INT0019,INT0025,8.816,5.152,7.747,5.621,5.527,1.147,1.261,5.295,2.689,0.21,,,,3.614,0.162,3.179,,0.784,96912.654,48937100.8
363,INT0008,INT0030,0.636,5.517,8.411,9.968,4.303,3.203,9.067,1.912,6.154,4.057,0.205,1.736,1.326,3.43,4.744,,0.341,6.229,6480.622,54273979.99
364,EXT0012,INT0023,0.706,9.34,7.664,6.579,8.239,6.475,9.689,7.14,9.247,5.171,,,0.585,2.641,0.634,,0.633,-0.35,62634.964,1994651.12
365,INT0015,EXT0015,1.948,4.913,9.505,3.836,4.244,7.147,6.038,2.989,4.108,2.177,,4.83,,0.653,1.859,0.616,,-5.564,78266.643,20916348.0
366,INT0018,INT0021,0.801,4.745,0.1,0.848,8.076,7.715,9.151,8.545,6.832,0.523,,3.914,4.228,3.995,2.542,,0.31,6.907,72989.118,98095356.26
367,EXT0014,INT0029,1.557,2.257,2.118,7.925,1.869,0.667,9.986,0.248,8.352,3.654,4.208,,2.773,,4.508,4.668,,-9.818,8465.805,25785514.23
368,INT0001,EXT0019,6.693,8.883,4.599,6.07,1.885,8.05,9.673,2.686,4.948,0.861,,,2.796,2.514,0.722,,0.498,-3.318,52661.257,58979779.21
369,INT0029,INT0014,0.085,7.61,7.13,3.663,0.529,7.549,9.552,2.402,3.235,1.838,,2.885,,0.774,,2.103,,3.94,56451.482,39259793.87
370,EXT0026,INT0002,4.202,5.621,0.059,0.785,8.813,0.779,7.068,9.2,2.707,3.705,2.845,4.409,4.71,3.698,0.433,3.511,,-1.794,47599.399,5865690.64
371,EXT0018,EXT0025,1.911,7.905,4.54,3.017,3.84,8.544,7.49,2.723,1.175,2.52,,,,4.604,2.908,,0.58,1.928,37236.798,80903595.01
372,INT0013,EXT0030,5.233,1.167,1.291,5.369,9.366,3.084,8.695,7.641,2.478,0.363,,0.509,,3.642,0.998,,0.434,0.034,72821.349,12209891.1
373,INT0005,EXT0006,4.064,4.851,5.408,8.184,1.717,8.078,6.929,5.559,6.995,4.12,0.692,3.329,2.623,3.197,,2.021,,8.137,59149.617,9454845.94
374,INT0010,INT0012,4.498,7.564,7.941,4.946,8.947,2.677,4.106,8.986,8.963,6.857,4.295,,,,0.444,,0.878,-3.588,18654.82,24697613.8
375,EXT0024,INT0021,4.18,2.512,3.206,1.35,2.962,5.723,4.419,3.467,7.465,8.935,3.784,1.66,,3.722,0.76,,0.217,-3.087,80962.535,25388476.48
376,EXT0002,EXT0005,0.633,1.317,8.587,6.338,2.532,5.553,5.276,6.554,2.332,8.644,1.547,3.471,0.081,1.863,1.759,2.946,,-8.545,79223.006,22560299.37
377,INT0001,EXT0023,6.77,8.032,5.619,7.409,6.619,3.555,8.089,2.947,5.712,7.454,1.895,,1.514,2.297,4.09,4.685,,0.902,66485.154,90424088.6
378,EXT0006,INT0011,0.985,2.321,7.089,8.237,8.57,4.151,0.893,4.378,2.307,2.912,3.861,0.378,,4.138,,2.425,,1.921,9875.571,34398548.76
379,EXT0018,INT0024,0.897,9.615,8.073,4.596,2.236,9.335,3.446,1.61,5.632,9.438,0.019,1.191,4.692,0.855,0.566,3.066,,7.237,48233.872,99461861.41
380,EXT0003,INT0008,6.792,0.741,9.928,4.079,2.874,5.579,3.043,0.865,0.014,4.496,4.184,2.862,4.996,1.434,,1.762,,-6.805,17242.295,29233473.0
381,INT0030,INT0008,7.928,9.058,9.751,2.323,8.813,3.283,1.128,8.7,6.361,1.647,,,2.149,1.436,,3.816,,-0.932,98938.715,6419753.24
382,INT0031,EXT0029,3.55,4.819,5.031,3.159,7.292,8.747,9.387,8.051,8.506,5.505,4.129,1.518,,1.992,1.585,,0.521,-4.288,96199.533,31971618.17
383,INT0019,INT0016,0.98,5.268,0.571,1.105,2.194,4.644,4.333,7.997,7.395,4.263,,1.669,,1.582,3.87,0.734,,-9.744,79758.895,48237491.22
384,INT0006,EXT0023,1.309,2.356,9.325,8.595,7.098,4.822,5.203,9.752,9.658,2.153,4.056,0.986,1.068,,3.38,,0.465,8.631,9811.964,51641038.44
385,EXT0009,INT0009,9.185,9.041,1.565,3.666,6.191,1.594,9.68,9.147,1.67,1.212,0.427,4.547,0.968,,2.081,,0.504,1.98,8101.799,23449103.12
386,INT0002,EXT0022,9.315,9.084,7.813,0.194,3.27,6.28,2.752,9.096,6.339,0.719,4.545,4.789,0.389,2.662,,1.865,,-2.143,18785.471,58229138.1
387,INT0014,INT0013,9.58,5.031,0.829,6.2,3.402,8.559,4.347,1.928,1.911,7.688,,,,,1.328,,0.791,-5.882,32846.951,47083210.27
388,EXT0029,INT0005,9.432,9.317,2.069,3.582,1.494,5.1,4.606,9.008,9.3,3.836,2.459,4.481,4.034,0.018,1.6,2.398,,-5.406,20757.59,4740666.15
389,EXT0011,INT0031,6.434,2.625,0.523,2.31,8.019,8.515,4.831,4.161,9.779,2.006,1.077,1.459,0.864,1.897,4.554,,0.654,-1.761,93506.669,5797959.02
390,EXT0008,EXT0004,2.103,5.659,6.156,0.396,4.03,6.492,6.981,6.381,3.206,0.935,,,2.136,,0.644,4.764,,-0.497,32408.658,76864103.04
391,EXT0025,EXT0010,4.979,3.1,8.12,8.672,6.73,0.47,5.663,7.633,1.365,2.287,4.412,0.101,3.764,2.369,2.234,,0.106,6.388,36622.665,54535797.5
392,EXT0031,EXT0016,6.773,7.026,9.56,5.313,3.997,9.537,6.421,2.982,1.265,8.426,,1.811,3.302,2.354,0.995,3.208,,-8.786,41920.904,55114879.03
393,INT0004,INT0023,4.36,7.487,8.279,7.712,0.388,1.941,5.366,9.348,8.35,8.425,1.516,,,2.147,2.354,,0.242,-9.379,94743.387,24830545.98
394,INT0026,EXT0004,2.399,0.834,9.285,5.797,6.67,9.116,3.456,6.215,0.388,1.868,4.156,3.834,1.753,,1.884,2.901,,-9.995,24883.189,21614949.05
395,INT0023,EXT0029,2.505,8.059,2.797,1.915,5.043,8.656,2.413,0.785,3.564,7.477,2.753,4.084,4.798,,,,0.813,2.076,49840.817,4966839.55
396,EXT0005,INT0004,9.843,3.835,1.522,6.667,2.843,5.858,5.868,4.457,8.361,2.65,2.243,2.688,3.318,,,,0.806,-2.104,64958.647,15910484.35
397,INT0027,EXT0003,9.326,3.831,7.295,0.203,2.052,4.871,8.783,5.273,9.299,4.838,2.452,0.599,,,4.013,1.611,,7.992,91171.598,94387701.08
398,INT0017,INT0023,5.202,6.771,7.785,1.31,6.01,0.343,4.976,1.548,1.829,3.65,2.162,3.116,0.372,,2.518,,0.264,1.48,64103.057,56114216.4
399,EXT0004,EXT0023,7.383,3.356,7.651,4.328,4.842,6.481,0.184,6.54,6.186,3.098,,,0.429,0.455,4.616,,0.72,-7.458,36315.594,59655816.4
400,EXT0019,INT0014,8.356,0.437,2.366,8.897,0.092,2.014,9.59,6.134,2.617,0.67,0.141,,,,1.224,,0.893,-1.682,72313.004,91910218.5
401,EXT0005,EXT0007,4.08,1.913,5.171,9.081,8.044,0.658,6.926,5.719,9.075,1.225,2.67,4.397,2.05,2.41,0.352,1.752,,-3.51,94567.122,28984068.69
402,EXT0007,INT0025,4.609,6.713,1.622,4.864,7.385,8.669,6.263,6.691,1.263,9.458,0.663,,,,,,0.797,-4.704,93425.721,72275994.4
403,EXT0009,INT0018,7.538,2.191,4.43,6.178,7.7,1.04,9.624,8.902,2.703,8.228,,2.592,,2.309,1.572,3.114,,4.598,41682.358,63292700.11
404,INT0005,INT0025,6.993,7.111,0.52,8.597,4.583,2.624,2.418,4.83,8.868,3.783,3.749,,0.484,2.38,4.958,,0.793,-5.789,50642.706,24128851.6
405,EXT0014,EXT0007,4.096,7.801,7.712,2.281,9.222,5.926,3.799,5.019,6.051,5.599,,,,2.432,2.525,1.294,,6.255,54634.272,13976906.31
406,EXT0002,INT0024,7.662,9.324,9.473,3.69,1.355,5.184,1.126,9.34,1.836,2.528,,,2.033,1.916,3.973,,0.511,-6.585,27453.78,51402225.13
407,EXT0022,EXT0011,1.475,6.117,5.657,7.147,9.377,9.123,9.461,2.447,1.316,3.023,4.475,4.86,4.297,0.55,4.737,,0.481,-9.814,44796.98,5560847.8
408,INT0010,EXT0029,5.439,3.386,4.734,6.132,8.688,6.619,4.34,8.194,9.056,1.198,,2.66,,1.423,0.235,3.508,,7.255,17127.363,81428952.1
409,INT0020,INT0018,8.534,9.143,2.653,9.04,3.207,5.523,0.505,0.439,7.204,4.445,,1.281,,,,1.357,,3.399,1039.753,80783225.75
410,INT0024,INT0011,0.792,1.915,3.862,4.849,3.55,3.207,9.639,6.416,0.234,4.302,4.375,1.507,0.473,3.792,3.03,3.066,,-8.928,14909.402,62632390.23
411,INT0022,INT0021,2.078,5.041,5.449,2.835,9.484,8.425,7.224,0.78,1.061,4.928,0.804,,4.891,0.793,2.437,2.139,,2.788,13774.604,43601326.38
412,EXT0030,EXT0018,2.747,8.878,0.406,9.137,8.33,2.976,7.893,0.312,9.669,5.266,1.516,1.813,,,,,0.16,9.787,4889.903,65835805.19
413,INT0025,INT0003,4.427,9.489,2.46,5.321,4.824,7.029,0.68,1.938,2.146,7.382,0.946,2.867,1.076,4.308,4.711,2.833,,-2.954,24171.72,5928319.15
414,EXT0018,EXT0008,2.685,6.542,5.336,9.44,3.963,6.939,4.893,5.126,2.678,4.55,2.354,,3.533,4.703,,,0.396,-9.156,50133.217,54901671.88
415,EXT0012,EXT0024,1.684,7.605,9.849,9.458,1.971,8.754,7.045,4.538,5.406,8.496,,,2.401,,1.866,2.72,,1.583,19718.688,90189865.3
416,EXT0020,INT0003,6.742,6.333,0.995,6.042,1.21,0.787,5.273,4.028,5.888,0.892,2.155,,0.874,,4.936,3.025,,3.749,33216.41,10379152.56
417,EXT0015,INT0005,9.759,2.863,4.238,6.499,0.247,8.103,5.366,2.782,0.616,1.625,4.475,3.43,,1.25,0.328,3.608,,1.448,41047.433,36997533.47
418,INT0014,INT0003,2.168,6.696,9.707,1.757,5.971,4.242,4.467,2.541,8.251,4.853,2.717,1.524,0.909,0.43,3.571,,0.277,3.802,39647.268,42161705.3
419,INT0027,INT0002,4.692,3.677,1.006,3.096,6.637,6.658,2.862,4.601,1.934,2.104,0.115,4.484,1.054,1.138,1.398,1.073,,2.785,8439.152,14286040.21
420,INT0014,INT0016,6.448,3.397,7.079,5.574,2.56,6.508,1.163,5.364,4.371,2.679,3.02,,4.357,4.995,,,0.647,-1.906,23295.503,26452512.85
421,INT0026,EXT0014,4.795,3.673,9.138,3.683,3.734,3.835,8.366,6.508,6.142,3.341,,4.09,0.192,4.354,2.564,,0.458,-0.057,67074.138,2263777.23
422,INT0001,INT0002,8.716,4.467,3.43,1.382,4.395,4.963,4.036,6.787,4.209,9.614,2.996,,,4.037,0.547,2.288,,-3.263,57378.756,86250238.49
423,INT0010,INT0013,0.783,0.726,8.503,2.129,6.688,5.429,8.329,1.251,1.298,5.568,,4.732,2.075,,1.635,3.23,,8.609,83855.855,99552877.46
424,INT0023,INT0006,0.226,1.129,6.095,8.206,2.852,2.392,7.87,0.564,3.694,5.058,,2.802,3.643,1.774,3.063,,0.627,0.952,64407.846,26685467.94
425,INT0006,INT0002,0.846,1.193,2.246,5.002,8.404,7.013,7.89,3.51,4.047,3.937,,0.959,0.306,2.955,4.946,,0.25,-9.066,78173.637,26006014.66
426,INT0012,EXT0016,8.296,7.039,9.457,4.089,6.62,4.649,6.306,4.496,1.886,5.079,,2.643,4.053,,3.678,3.487,,-7.732,72341.013,50530210.48
427,EXT0030,EXT0022,8.941,9.199,0.552,8.206,0.377,3.672,5.423,1.481,7.463,0.084,0.843,,2.904,3.572,4.583,,0.735,3.436,40039.773,1127158.13
428,INT0021,INT0014,1.202,5.346,6.751,4.174,7.307,5.219,0.742,1.92,8.4,7.249,4.474,0.588,,4.951,1.047,0.553,,9.948,28826.315,67133925.8
429,EXT0014,INT0004,1.767,5.802,9.04,3.202,6.703,1.879,6.248,3.365,2.112,3.132,,,,,0.894,4.559,,-2.056,25282.651,45392376.26
430,EXT0021,EXT0025,3.205,7.444,9.712,4.38,8.61,5.659,1.572,6.906,5.134,6.506,4.448,2.202,4.506,,3.753,,0.54,2.064,33232.532,98376132.67
431,INT0029,EXT0012,6.674,0.438,3.266,6.233,0.563,0.239,4.5,3.327,4.383,2.627,0.824,3.446,2.573,1.001,,1.938,,1.836,8150.705,15597847.92
432,EXT0018,INT0020,0.732,8.123,7.524,7.533,7.163,6.694,4.77,6.423,0.384,6.215,,3.889,,2.502,1.788,1.748,,2.856,69587.319,87225792.39
433,EXT0029,EXT0032,3.423,7.698,5.614,8.828,5.278,5.176,5.779,7.493,9.647,0.736,,0.267,4.688,2.649,,3.267,,-0.352,10272.088,77040848.46
434,INT0029,EXT0017,7.472,3.117,3.062,8.378,0.724,8.811,2.567,5.93,9.36,6.781,2.072,3.448,1.72,,1.386,,0.997,5.016,64827.278,36173674.68
435,EXT0026,EXT0009,0.492,0.311,5.542,7.62,5.374,8.408,0.334,3.668,2.371,4.473,0.362,4.771,1.116,4.612,2.129,,0.987,1.081,93152.454,1529549.88
436,EXT0007,INT0027,7.482,9.031,1.397,0.961,4.246,9.337,5.424,5.275,1.411,0.008,4.051,0.438,3.169,,,,0.923,-5.827,66862.011,8791159.09
437,EXT0011,EXT0029,6.038,1.639,7.36,3.012,4.634,5.994,1.713,7.416,3.026,6.624,,0.791,3.441,0.641,2.127,1.612,,4.968,26941.465,88290013.33
438,EXT0014,EXT0006,8.918,1.964,6.138,0.877,3.915,7.133,6.594,6.247,2.825,3.78,0.515,3.595,2.519,,3.544,,0.324,-3.511,34087.318,3548498.56
439,EXT0021,INT0014,3.41,8.033,8.973,5.182,4.555,0.308,8.792,0.13,9.448,4.892,1.71,4.621,0.122,,2.907,,0.594,-5.614,43459.856,65574136.59
440,INT0025,EXT0012,7.271,0.007,9.369,1.645,2.336,2.635,0.378,1.231,9.863,3.152,0.577,0.535,,,3.597,,0.869,-4.861,3070.042,23085911.83
441,EXT0026,EXT0027,0.565,1.034,4.315,2.299,5.159,2.535,9.405,9.059,5.668,3.544,1.906,,2.059,3.638,2.258,4.355,,8.882,34258.669,56508753.66
442,EXT0024,EXT0030,0.951,2.005,4.135,2.062,8.766,1.583,4.557,6.057,6.919,3.831,,,,4.345,2.842,,0.496,-8.655,47004.257,82252848.24
443,INT0014,EXT0018,6.145,8.322,4.94,1.185,0.136,3.032,6.98,7.903,2.958,4.957,2.106,2.053,1.157,,0.682,,0.277,-8.893,20614.943,1910888.86
444,EXT0019,EXT0012,6.273,3.164,9.731,1.937,3.458,3.578,0.085,8.392,0.32,9.402,,4.46,2.678,2.718,,,0.688,-2.259,65075.006,5432070.48
445,EXT0007,EXT0009,0.54,4.572,5.496,8.878,1.047,8.226,2.1,3.941,3.166,4.002,,,0.752,2.518,4.008,2.487,,-0.188,85027.991,70899753.35
446,INT0023,EXT0010,4.905,2.577,8.849,5.77,2.211,2.691,8.031,0.441,9.921,1.304,,,3.98,1.974,,,0.543,7.613,41878.208,54211881.61
447,EXT0005,EXT0023,0.493,0.023,2.448,6.806,1.213,1.138,4.11,6.478,7.121,1.785,,0.398,4.702,1.303,4.267,4.386,,5.45,17714.527,82358344.47
448,INT0021,EXT0005,7.693,5.967,3.372,2.625,1.219,5.098,5.853,3.593,4.754,3.635,3.205,4.506,0.82,,1.907,,0.227,2.499,73158.18,93259360.53
449,EXT0014,EXT0026,2.789,9.502,0.633,6.03,0.571,8.938,5.298,6.693,8.316,1.503,0.193,,,,,,0.891,-3.701,13768.912,47377662.47
450,INT0031,EXT0005,5.983,0.31,2.749,0.328,4.203,8.951,9.827,6.37,1.616,9.058,2.581,0.769,4.609,3.787,,,0.759,4.184,20833.642,21889662.48
451,INT0007,INT0002,6.883,2.197,4.387,7.82,7.84,4.533,7.922,8.386,6.548,2.284,,1.37,,,1.574,1.026,,-4.537,21742.403,46077546.23
452,EXT0016,INT0026,9.084,1.045,7.203,6.873,0.958,9.226,5.685,3.637,7.565,2.574,,,3.468,0.199,4.197,2.517,,2.734,22902.544,68030297.55
453,INT0023,INT0016,7.722,4.732,6.177,4.563,8.941,4.979,8.418,8.014,4.105,2.301,2.03,4.131,1.138,2.622,4.03,2.091,,2.844,25317.526,11818665.09
454,EXT0011,EXT0028,7.944,0.99,2.714,8.551,3.465,9.73,9.797,2.683,0.41,7.051,,2.255,0.504,3.538,0.156,,0.883,-7.227,13603.876,18391557.5
455,EXT0007,EXT0031,9.603,6.932,8.014,3.976,3.363,2.345,4.806,5.518,6.318,2.571,,4.743,0.849,,4.828,,0.113,-0.377,34003.416,45463217.98
456,INT0009,INT0021,5.707,4.356,4.148,7.327,6.859,8.333,2.5,6.095,5.852,3.697,2.43,1.569,0.709,1.069,0.528,3.574,,3.215,95110.031,73238162.95
457,EXT0015,EXT0006,0.52,8.842,8.627,4.433,5.859,9.761,5.323,9.053,0.83,1.911,2.204,,2.924,,,,0.835,9.765,39496.298,5694147.98
458,INT0002,INT0015,8.012,6.044,1.985,4.948,7.423,7.704,4.996,3.052,9.737,6.634,2.041,1.402,,3.656,1.211,,0.255,0.597,29708.752,63261609.35
459,INT0015,EXT0018,1.179,6.549,2.833,0.002,1.269,9.336,8.674,2.336,7.784,6.086,4.855,,1.868,3.407,,,0.157,-2.075,96417.948,54359106.57
460,EXT0026,EXT0031,2.879,1.203,7.035,6.449,3.739,9.509,0.222,3.037,9.211,3.209,1.261,,2.671,4.119,,0.964,,8.86,79712.215,18943775.3
461,INT0001,INT0009,7.12,3.85,4.023,7.833,9.628,1.267,4.206,4.809,3.763,3.632,0.261,3.428,2.181,0.974,,4.172,,6.051,49152.771,30546615.45
462,EXT0024,INT0010,6.381,2.882,2.36,7.305,0.403,0.948,0.068,1.529,0.69,9.958,,1.444,0.746,1.205,4.681,2.841,,-2.704,87465.754,40104036.78
463,EXT0001,INT0010,3.35,2.073,3.778,3.167,6.773,2.896,5.772,0.659,1.913,4.074,4.685,1.886,3.32,1.275,0.635,0.763,,-3.892,16608.442,18227034.35
464,INT0016,INT0001,7.608,0.158,5.578,3.795,5.065,5.628,3.134,2.951,7.334,8.713,0.963,0.488,,4.489,,2.075,,1.026,36594.771,13454431.3
465,INT0014,EXT0006,5.893,5.251,2.03,4.519,7.969,5.904,0.969,5.48,7.027,7.927,,3.146,0.763,,3.551,3.548,,-9.511,41763.019,33962074.45
466,INT0004,EXT0029,6.694,2.161,5.909,9.132,7.978,9.215,9.785,0.107,6.227,4.128,4.299,1.259,,,,4.915,,2.274,79560.203,9474355.73
467,INT0019,EXT0007,1.835,7.584,0.22,8.169,0.139,6.571,3.651,6.115,6.96,3.425,0.54,,,,0.348,,0.63,0.413,74477.9,51463815.49
468,INT0006,INT0001,4.224,3.981,0.264,3.356,9.76,8.736,3.294,5.878,8.473,4.413,0.09,0.373,2.552,4.847,3.466,,0.164,-6.213,77360.991,84302536.24
469,EXT0013,INT0028,6.177,6.444,0.283,8.285,7.883,2.59,7.087,2.149,0.403,2.011,0.893,1.689,2.092,2.543,2.384,,0.344,-9.417,60905.061,40178738.15
470,INT0025,INT0015,2.987,8.669,7.467,8.578,4.95,1.309,6.962,2.061,4.412,0.65,4.127,,,,,,0.213,8.062,86558.83,46993693.68
471,EXT0006,INT0009,7.444,6.194,8.031,4.318,7.858,4.625,9.41,4.864,4.626,7.851,4.108,2.772,0.899,,2.339,,0.971,5.06,81305.098,4249724.38
472,INT0031,INT0013,4.679,6.466,8.3,0.493,8.524,5.484,1.973,3.173,2.819,5.309,0.258,0.793,4.063,0.663,1.167,,0.508,0.342,76597.437,45285910.24
473,INT0020,EXT0015,7.899,6.183,1.131,1.563,4.37,3.969,7.435,5.807,3.881,1.708,,,1.134,2.878,,,0.481,0.299,17897.066,66627718.98
474,EXT0024,EXT0004,8.525,2.579,4.915,9.755,3.332,5.95,0.902,6.06,0.896,9.592,,3.578,,,3.941,3.668,,1.795,45541.365,85978964.6
475,EXT0008,EXT0031,9.568,4.99,9.315,5.833,5.384,4.545,2.093,0.037,2.415,5.097,1.9,2.242,4.903,,,2.076,,-0.956,14218.04,5747815.51
476,INT0026,EXT0002,7.754,5.707,7.607,1.499,5.718,2.536,2.281,0.115,1.303,3.093,,0.584,,,,,0.987,-3.827,13902.071,20709148.97
477,EXT0020,INT0028,5.877,0.64,8.624,9.615,2.467,4.501,0.221,6.407,4.139,2.701,,1.034,3.27,,2.081,,0.262,3.782,56942.156,86008533.44
478,EXT0015,EXT0019,1.175,7.857,6.735,1.15,6.948,4.415,9.45,1.416,6.428,3.82,4.784,,,1.65,4.811,,0.911,-4.592,80550.636,99564815.98
479,EXT0019,EXT0015,2.527,4.368,5.202,2.949,0.153,2.201,2.819,4.436,1.711,8.733,3.525,0.426,,,3.25,3.441,,9.124,1299.066,25545312.53
480,INT0018,EXT0026,9.278,9.321,7.206,7.658,0.915,5.139,2.316,1.812,8.103,1.35,2.343,4.693,0.929,,4.89,,0.995,1.112,17844.131,32294383.91
481,EXT0014,INT0006,4.245,3.093,2.806,9.722,1.534,7.333,0.004,5.962,9.159,2.879,0.928,3.258,3.563,3.44,1.597,1.635,,9.118,92406.651,46274344.38
482,EXT0029,EXT0027,8.462,4.523,4.244,1.568,4.264,5.374,0.225,4.441,7.814,6.8,,3.176,4.548,0.09,,,0.601,5.747,54592.203,33065659.71
483,EXT0004,EXT0002,1.363,8.876,4.708,8.781,5.859,6.742,8.043,6.592,3.981,5.136,4.015,1.868,1.941,0.478,4.573,,0.182,2.964,41906.253,41156319.64
484,INT0010,EXT0001,6.796,0.671,5.937,7.72,8.282,1.705,8.974,6.561,8.819,4.853,2.71,,4.595,4.5,,2.517,,-4.512,39923.873,39388668.52
485,EXT0030,INT0001,2.869,2.686,8.611,0.699,6.776,1.728,3.445,0.615,2.7,7.684,4.425,1.108,2.318,2.352,4.368,3.933,,0.262,67403.973,84888150.34
486,INT0024,INT0021,0.095,4.029,9.072,7.403,5.428,5.296,3.478,5.205,6.554,4.184,3.571,,4.306,0.773,,,0.506,-1.84,69059.016,25736879.06
487,EXT0030,INT0027,6.403,8.775,4.181,9.11,9.932,1.061,2.331,9.504,9.583,0.977,0.075,0.806,4.98,0.9,2.513,,0.864,-9.592,60844.409,28425519.44
488,INT0018,INT0006,8.623,2.835,6.868,6.742,2.215,0.348,4.092,2.892,8.09,8.004,,2.285,3.033,,3.021,4.222,,-1.5,28269.221,27238456.9
489,INT0003,EXT0005,5.362,4.491,4.401,0.911,7.186,2.137,1.97,4.128,2.278,5.839,,1.857,2.245,2.686,1.018,1.201,,7.608,43938.647,41797267.35
490,EXT0021,INT0019,0.356,4.98,5.542,5.588,7.07,1.775,2.522,8.107,9.472,1.359,,,2.488,1.071,0.3,,0.393,-7.126,71283.374,53838815.95
491,EXT0012,EXT0027,1.438,0.092,8.082,1.762,6.062,3.369,5.855,3.157,0.869,2.23,0.94,2.14,3.291,1.319,0.06,,0.567,2.115,96324.179,59357609.51
492,INT0013,INT0023,4.712,5.734,9.279,8.284,3.23,2.373,2.626,5.044,7.44,5.032,0.339,3.618,4.03,,1.447,3.489,,-1.468,89022.816,84677330.26
493,EXT0030,INT0017,5.254,6.915,8.833,4.957,3.133,7.537,2.201,3.885,8.657,7.244,,2.019,1.074,,1.78,1.778,,-6.478,74589.958,25954918.8
494,INT0030,EXT0030,4.542,3.859,9.821,3.911,0.8,0.898,5.908,5.994,4.188,4.318,,0.27,2.583,,,,0.554,-7.009,11280.099,13233676.57
495,INT0013,EXT0023,1.01,6.097,1.965,2.514,1.736,9.578,8.546,2.305,3.276,2.099,2.459,0.098,3.357,,2.616,,0.909,-6.712,80606.815,79404140.43
496,EXT0021,EXT0001,1.272,3.986,1.702,2.547,2.632,5.562,4.114,9.477,1.264,9.737,1.153,,,3.864,1.695,1.144,,7.158,31577.229,66226685.02
497,INT0027,EXT0009,5.664,4.718,4.958,7.322,0.878,6.682,8.958,0.578,1.407,7.166,2.186,2.018,0.685,2.534,0.633,,0.529,5.272,26568.171,48597830.65
498,EXT0015,EXT0004,9.92,6.867,8.414,4.148,7.679,0.405,1.229,2.031,4.02,8.457,,1.731,3.273,3.547,2.931,2.108,,1.541,34884.294,9303500.12
499,EXT0030,EXT0001,9.928,1.272,0.723,8.785,3.018,6.503,3.29,3.915,2.621,3.43,,2.054,,3.602,2.558,,0.949,-9.162,50803.764,58838254.09
500,INT0016,INT0030,9.202,0.492,5.735,8.536,2.419,8.763,0.19,7.325,9.331,6.572,2.195,0.224,4.601,2.351,0.145,3.604,,-0.363,13310.186,22212909.12
