src,dest,total,mean,std,minimum,maximum
EXT0001,INT0001,14711064.081751067,61552.569379711575,21498.655031630144,26099.84432629255,112474.4938457803
EXT0001,INT0004,21273167.569210332,89009.06932723988,21551.56058920585,50094.07906541832,136710.7599192116
EXT0001,INT0005,14422761.150588978,60346.28096480744,21518.022110324495,21628.42303196959,101866.76954181862
EXT0001,INT0013,16070129.484665342,67239.03550069181,21341.799675772552,31520.826121927556,116601.76775856307
EXT0001,INT0020,19549173.184437674,81795.70370057604,22286.179198718182,47864.33704504813,134821.21225945777
EXT0001,INT0022,14525591.20265946,60776.53222870067,20486.91847368061,21731.88323843751,101181.36636277974
EXT0001,INT0024,17723244.590879917,74155.83510828417,22090.935928865125,43947.66128448145,120492.04151335439
EXT0001,INT0030,20249054.44444923,84724.07717342775,19620.411328740112,49090.10100560769,126915.22710062863
EXT0002,INT0001,14969661.674074277,62634.56767395095,21513.082299916394,26793.743677347065,113813.67095478156
EXT0002,INT0003,19780242.866070483,82762.52245217776,20456.160266187522,40210.65410448824,122683.27871037807
EXT0002,INT0024,17991869.524022028,75279.78880343944,22126.756475751947,45435.51551329849,122916.51876542807
EXT0002,INT0027,19103874.03802804,79932.52735576585,21685.369945208742,54022.08008209906,139839.26807700336
EXT0002,INT0030,20515711.215933133,85839.7958825654,19592.16683454094,49396.41626068611,127341.74323200501
EXT0003,INT0002,12314414.366257451,51524.74630233243,23397.831223147805,9968.500606984524,100808.63661074257
EXT0003,INT0003,19806687.10793814,82873.16781564076,20476.30164478448,39794.73590964453,123333.5650999016
EXT0003,INT0007,14429221.295273429,60373.31085888464,20423.09781212341,27676.85823911406,110601.22566230084
EXT0003,INT0009,11473761.087695442,48007.368567763355,20039.051668258962,12761.834587889036,94487.60753708212
EXT0003,INT0014,22469297.88786971,94013.79869401551,19806.67334008829,59113.25005937026,139060.6390695779
EXT0003,INT0028,13979681.636558127,58492.39178476204,22188.92081072615,21374.359449458367,106254.96323492815
EXT0003,INT0031,20513043.944445573,85828.6357508183,22087.816557416827,50828.06315108888,138203.4034171018
EXT0004,INT0009,11415417.577999696,47763.253464433874,20060.437409672177,12395.905929691435,95772.39577119198
EXT0004,INT0013,16295018.75126441,68179.9947751649,21399.159462013668,32567.47464546821,117443.42754346278
EXT0004,INT0014,22406042.39624017,93749.13136502163,19881.097151153015,58957.77234617992,139504.89900247392
EXT0004,INT0018,11577366.883144116,48440.86561984986,21989.90777141168,12721.479063058545,105639.15606659961
EXT0004,INT0023,21045773.508551054,88057.62974289144,21242.180666162523,53150.15706510857,136491.4063799602
EXT0004,INT0025,16504583.297525534,69056.83388085998,20883.10703654267,34305.276949874715,115856.36446340513
EXT0004,INT0031,20440751.028193623,85526.15492968043,22047.27424642642,50812.929011851884,139146.1322360052
EXT0005,INT0009,11321255.95780259,47369.271789968996,20019.319402770707,12072.16023078522,94405.34771158868
EXT0005,INT0012,12475672.724302627,52199.46746570137,22633.9986062631,15116.361615439153,108020.9665098868
EXT0005,INT0015,11712984.817459919,49008.30467556451,21996.261215200746,11073.845642069531,92551.48484957476
EXT0005,INT0019,10455595.344695443,43747.26085646629,23604.316834932142,4474.489914705157,93419.79208499879
EXT0005,INT0026,10320935.246516308,43183.82948333183,24047.45636767443,5651.882371387434,94966.21276584297
EXT0005,INT0029,19582624.873406965,81935.66892638897,21413.254006477095,49268.25223570209,136137.31759934613
EXT0005,INT0030,20387525.100647345,85303.45230396379,19601.791716715292,49985.55340488192,126246.41854748584
EXT0005,INT0031,20339994.088928547,85104.5777779437,22009.704190139637,50077.94670924518,137190.46740970816
EXT0005,INT0032,13126370.17222729,54922.05092982129,22206.786016429367,14984.357056909932,105425.98449436389
EXT0006,INT0002,12213451.421666725,51102.307203626464,23373.374026650377,9499.663408906732,100121.12482923201
EXT0006,INT0003,19679138.609186158,82339.49208864501,20431.68583232553,39740.25772169845,122000.74103144929
EXT0006,INT0006,18221846.71976289,76242.03648436356,21600.9142576815,37189.909641372054,122288.49276085164
EXT0006,INT0008,17512633.20010646,73274.61590002703,24105.058105159136,37462.00650606145,126720.88439881752
EXT0006,INT0010,14417588.69991605,60324.63891178263,19646.5317688104,25040.375359542275,99157.21357863463
EXT0006,INT0015,11761848.168544702,49212.75384328327,21963.52937995259,11248.546200859106,92752.96311519633
EXT0006,INT0016,14147785.481344402,59195.755152068625,22082.016579055802,28055.8270351139,120208.96962601575
EXT0006,INT0018,11531037.930080757,48247.02062795296,21975.37911888928,12564.584086395922,106559.29301422628
EXT0006,INT0023,21026875.33655478,87978.55789353464,21341.283711774704,53232.678407333,137523.62447087708
EXT0006,INT0026,10377018.806421101,43418.488729795405,24046.701603721634,5958.793044083954,96469.89241980112
EXT0007,INT0002,12257591.320831016,51286.99297418835,23413.229075565418,9777.239853835323,100671.85610627536
EXT0007,INT0006,18256992.49691498,76389.08994525096,21485.207361226712,37393.25559279816,120383.40689727961
EXT0007,INT0007,14354928.111823361,60062.460718926195,20453.953491771084,27430.89300385766,108862.91533232832
EXT0007,INT0010,14458584.320159417,60496.16870359588,19677.238367922528,25191.675004524033,99933.29698261026
EXT0007,INT0020,19732765.37816122,82563.87187515156,22340.524408857855,48269.275668904476,135055.74947393814
EXT0007,INT0023,21068898.491955623,88154.38699563022,21316.33522484831,53747.099257513444,135855.0038729807
EXT0008,INT0001,14755069.052270876,61736.690595275635,21468.496971007207,26032.334396721788,111894.63298519692
EXT0008,INT0008,17391629.86672387,72768.32580219192,24090.624077136137,36948.17279185262,124667.04842849729
EXT0008,INT0009,11250137.095918063,47071.703330201104,19974.240691521172,11844.499761868248,93158.20591494709
EXT0008,INT0018,11413309.15230677,47754.43159960992,21968.237758312785,11961.720972209934,104270.47269594825
EXT0008,INT0020,19589804.26399223,81965.70821754071,22341.811850620226,48460.92213142049,134395.0518452725
EXT0008,INT0021,20713765.391881496,86668.47444301881,21882.801577373393,54774.056677987486,141850.2557779774
EXT0008,INT0025,16346003.181321848,68393.31875030062,20905.65941296298,34059.22964744507,113377.20924626495
EXT0008,INT0029,19516711.543000624,81659.88093305701,21442.894409611246,48030.38109187076,136696.28603868443
EXT0009,INT0002,11963389.28271803,50056.02210342272,23413.628108327113,8561.383796672533,99835.84464724304
EXT0009,INT0010,14158487.70131849,59240.534315140125,19619.4146215677,24342.358902790897,98903.69717713079
EXT0009,INT0014,22110525.073894482,92512.65721294763,19881.230888933645,57958.33172926563,138058.08118941158
EXT0009,INT0016,13879547.098616328,58073.41882266246,22029.547851083353,27160.534221673202,118845.78689858362
EXT0009,INT0018,11283801.474020151,47212.55846870356,21967.348963066015,11488.69841575166,104218.36519084983
EXT0009,INT0026,10124320.303455973,42361.17281780742,24065.39030001064,4826.755350790728,94216.83494359635
EXT0009,INT0027,18765996.360823747,78518.81322520396,21773.968178496274,52337.77792574829,137837.7989920976
EXT0009,INT0032,12916969.77047679,54045.8986212418,22171.084046362525,14347.850533591649,103950.69459031905
EXT0010,INT0005,14446599.005574752,60446.02094382741,21495.012803275265,21824.760170865535,101763.40467385568
EXT0010,INT0013,16079933.036302488,67280.0545451987,21305.028001754315,31232.56266646736,115802.39463490354
EXT0010,INT0016,13997643.368157193,58567.54547346106,22087.0355702256,27072.305574370603,118772.78920642135
EXT0010,INT0019,10368559.641730363,43383.09473527348,23611.367177484135,4126.982578232925,92648.7251776108
EXT0010,INT0022,14552115.579508308,60887.512884972,20414.904784489798,21883.229080035162,99569.99659711959
EXT0010,INT0023,20881206.661250953,87369.06552824666,21346.60546889836,52505.64094955907,136315.78783508082
EXT0010,INT0028,13726110.594114695,57431.4250799778,22172.87483237458,20548.58373435198,105844.4581371732
EXT0011,INT0005,14695264.035724092,61486.460400519216,21551.932317331026,22646.043970690156,103906.40034995403
EXT0011,INT0010,14511951.327339884,60719.46162066897,19672.654577656525,25599.963645083848,100041.12721638104
EXT0011,INT0011,12192902.953806445,51016.33035065458,24615.135067549247,10397.933179541978,103925.65315832557
EXT0011,INT0012,12621051.112296885,52807.74523973592,22614.694476393062,15828.247035555152,108723.05707192134
EXT0011,INT0019,10614882.122809255,44413.73273141948,23572.084573657765,5260.289152145113,93806.4375379024
EXT0011,INT0022,14803885.566153828,61940.943791438614,20450.12920413431,22831.82481996587,100380.00409519694
EXT0011,INT0024,17989639.385153968,75270.45767846849,22045.22428707758,44797.44029653706,122799.4803906478
EXT0011,INT0027,19115810.57187853,79982.47101204406,21742.290643325672,53829.682194437555,137851.45019439523
EXT0012,INT0012,12509112.270007093,52339.38188287486,22592.210617524284,15258.920332829202,108196.34584569308
EXT0012,INT0013,16218874.63062898,67861.40012815472,21296.9709951798,32383.98506803587,116622.35112425438
EXT0012,INT0022,14687642.919210566,61454.57288372622,20395.59585036163,22492.25871755823,100025.18038756066
EXT0013,INT0003,19444031.188193783,81355.77903009951,20399.162342474352,39118.48234833917,121509.41919911362
EXT0013,INT0006,17979368.17839539,75227.48191797234,21630.213087104843,36381.78362108905,121176.17744307138
EXT0013,INT0009,11118851.867475346,46522.39275094287,20032.40131674942,11206.00110314671,93552.49328274578
EXT0013,INT0023,20760751.534407735,86865.06918162233,21367.752692635157,52800.34168097838,137779.78098429082
EXT0013,INT0028,13617084.664728647,56975.2496432161,22052.919836153935,20077.17838555983,104423.20861466312
EXT0013,INT0031,20150151.265173104,84310.25633963641,22051.84380035344,48767.56824563659,136311.30658914102
EXT0014,INT0003,19574122.881376907,81900.09573797869,20474.730971940662,39317.77660434876,122981.32155367962
EXT0014,INT0006,18116584.001295246,75801.60669998011,21672.925141277017,36643.799378226446,122345.97486869275
EXT0014,INT0010,14285625.753112946,59772.49269084915,19617.763586476787,24557.371827681294,99342.98237344563
EXT0014,INT0011,11978862.405658213,50120.763203590854,24642.331775060462,9443.610887475985,104013.95108291559
EXT0014,INT0015,11662342.358826283,48796.41154320621,22003.741697474798,10942.838602136599,92721.42931673475
EXT0014,INT0016,14043969.667540101,58761.37936209248,22190.294546749712,27617.715374677362,119995.95229118675
EXT0014,INT0021,20724238.53248018,86712.29511497983,21818.84887523493,55029.57386308601,140074.6163397238
EXT0014,INT0028,13762591.844996406,57584.06629705609,22159.982633283144,20710.795337082942,104676.59848882741
EXT0014,INT0032,13047442.754995614,54591.810690358216,22151.1189210131,14956.03223734471,104429.62605131714
EXT0015,INT0001,14974719.962402694,62655.732060262315,21457.607859523523,27164.352133785807,112470.35585343225
EXT0015,INT0003,19790045.52397874,82803.53775723322,20439.164217004924,40405.42608681585,122574.81444979623
EXT0015,INT0004,21530248.100019433,90084.72008376331,21536.93383646058,51415.115093170694,138660.79162457568
EXT0015,INT0009,11467004.481185174,47979.098247636706,20020.09695866272,12811.705333812477,95580.24607402462
EXT0015,INT0010,14494112.095586084,60644.82048362378,19570.809856932985,25759.74430489906,100117.4147321274
EXT0015,INT0013,16334267.084762273,68344.2137437752,21320.482178522132,32465.846926420356,116997.4761506426
EXT0015,INT0014,22463909.051221464,93991.25126034085,19920.658704380614,59528.98167810977,139815.98005214904
EXT0015,INT0017,12551026.747191468,52514.756264399446,23143.758792318647,22282.335127985756,110005.47364222493
EXT0015,INT0023,21134801.56864132,88430.13208636535,21394.90471729871,53677.263948684464,137738.28238143632
EXT0015,INT0026,10466001.46472659,43790.801107642634,24047.469586635623,6187.819269907289,95483.9977547325
EXT0015,INT0029,19734535.101430677,82571.27657502376,21437.85409534177,49541.56779100254,136983.916949044
EXT0015,INT0030,20506708.01391378,85802.12558122921,19556.24521145871,50279.334957156374,127978.40438705661
EXT0015,INT0031,20493306.188785344,85746.05099910186,22058.886920315043,50504.58670623889,137632.70095984725
EXT0016,INT0001,14677305.473971311,61411.31997477536,21488.813475535033,26062.354788059056,110558.65252918167
EXT0016,INT0004,21228623.057397455,88822.69061672575,21578.122091028312,50209.86237793119,136147.59643683032
EXT0016,INT0009,11174164.74836972,46753.82739903648,20022.660060113394,11485.721060703683,94651.43522207183
EXT0016,INT0012,12329874.560227737,51589.4333063922,22643.009791876462,14754.087699253943,108416.36557828147
EXT0016,INT0014,22181760.861266553,92810.71490069688,19891.360310882694,57683.35539408832,140782.1572902666
EXT0016,INT0016,13943599.904287174,58341.42219367019,22149.76951902325,27207.779788158692,120039.56728896944
EXT0016,INT0025,16262801.126724187,68045.19299884597,20890.506358149312,33698.720512686676,114425.44445337434
EXT0016,INT0026,10171326.15544139,42557.85002276732,24041.46552938456,4996.022984554066,94749.50856733063
EXT0016,INT0029,19443719.46553427,81354.47475118941,21520.435975518572,48267.121336523924,136655.19834652919
EXT0016,INT0032,12972625.429389372,54278.76748698482,22189.312675877645,14478.658033261365,103918.3276186434
EXT0017,INT0007,14388225.564051026,60201.78060272396,20500.811752374306,27128.89366526661,109992.90561737682
EXT0017,INT0011,12147199.527001467,50825.1026234371,24647.53196207371,10141.016125181624,104799.46425002688
EXT0017,INT0016,14219426.171320776,59495.506992973955,22174.461009868483,28505.05665780699,121387.4438557829
EXT0017,INT0017,12518008.319761077,52376.60384837271,23176.323705439354,22142.834056548694,109260.0266044407
EXT0017,INT0020,19776215.047552705,82745.66965503224,22370.456283144857,48991.48103234828,135552.77263802875
EXT0017,INT0021,20902319.295377918,87457.40290953104,21811.019826474596,55588.814080345684,140995.21851280815
EXT0017,INT0022,14750416.524893286,61717.223953528395,20397.205435389733,22601.176727419705,100083.06532643884
EXT0017,INT0027,19059211.882364035,79745.656411565,21653.955936724265,53364.37976607526,139881.89435269564
EXT0018,INT0001,14692338.298005462,61474.21882010654,21528.108182676107,25669.399105868484,113560.65726828134
EXT0018,INT0003,19498191.652352344,81582.39185084663,20399.569327908328,38734.3118216333,121917.45082287054
EXT0018,INT0004,21281132.090926506,89042.39368588496,21576.832867922356,49914.11351128119,136596.11476029566
EXT0018,INT0005,14398282.608957976,60243.860288527096,21468.005285353192,21434.770193381944,101626.4787160992
EXT0018,INT0010,14235247.652571235,59561.70565929387,19643.3958772588,24330.279501608697,99973.54122095631
EXT0018,INT0012,12351383.500449412,51679.428872173274,22671.695572842782,14712.810330887307,108894.75917864079
EXT0018,INT0013,16059246.73940658,67193.50100170117,21374.496989831074,31340.238668062007,116799.49210920066
EXT0018,INT0014,22189600.702301208,92843.51758285024,19856.795969756633,58582.61988783671,139861.64417104368
EXT0018,INT0021,20647566.061997544,86391.4897991529,21747.727729897728,54841.283184221495,138972.34826022296
EXT0018,INT0022,14528016.333240742,60786.67921858051,20461.37102788007,21606.465095596006,99691.36501016116
EXT0018,INT0032,12980939.027679097,54313.55241706735,22141.067101172666,14652.510099177613,104765.35814072541
EXT0019,INT0008,17365568.054430436,72659.28056247045,24076.447375762822,36785.73567448738,124946.7052837385
EXT0019,INT0009,11216748.079682332,46932.00033339888,20035.53189735032,11795.733861557275,94689.42034269132
EXT0019,INT0014,22197015.750310324,92874.54288832772,19850.250419712465,58423.078269814934,139794.364226237
EXT0019,INT0021,20686922.294762816,86556.16022913312,21887.23895495813,54538.39086223462,140976.71684786447
EXT0020,INT0001,14857708.741540983,62166.14536209616,21532.006044352518,26611.005448039545,113529.15269253476
EXT0020,INT0003,19648224.546966337,82210.1445479763,20464.49754285374,39787.62124950732,121885.48395842292
EXT0020,INT0008,17494020.625722297,73196.73901975856,24107.56004508352,37011.553501539674,126810.73681673748
EXT0020,INT0012,12507335.384517414,52331.947215554035,22669.237902066365,15401.094716339167,108113.54051049711
EXT0020,INT0023,21001415.626293,87872.03190917573,21335.75365422481,52708.15837006213,135790.80797158094
EXT0020,INT0024,17862004.383515283,74736.4200147083,22088.80513794834,44563.00968085475,121622.85767289117
EXT0020,INT0025,16433712.303220555,68760.30252393537,20844.057731434616,34011.694220487494,113856.53651328592
EXT0020,INT0028,13863546.827704374,58006.47208244508,22150.172671108143,21200.16250933548,106231.44740483386
EXT0021,INT0003,19665364.261087876,82281.85883300366,20460.635828113842,39983.21877214455,122680.47813832448
EXT0021,INT0007,14295432.042105783,59813.52318872712,20393.601181686106,26746.907048732108,108442.36080933973
EXT0021,INT0013,16212781.786342843,67835.90705582779,21339.993703960175,32184.49969541646,116947.6030683261
EXT0021,INT0014,22347018.634323373,93502.17001808943,19849.182639675215,59258.181316799826,139407.93335984682
EXT0021,INT0015,11752314.80572682,49172.86529592812,22005.58472670424,11239.333214573553,92572.43680967647
EXT0021,INT0019,10500282.5294666,43934.23652496485,23580.75331370035,4723.94841864023,93031.45012893084
EXT0021,INT0024,17887870.030675374,74844.64447981329,22059.293079116687,45054.7061156593,122319.85534598386
EXT0022,INT0005,14424486.771880802,60353.501137576575,21509.966291124325,21589.72243644745,101255.39771119112
EXT0022,INT0006,18064583.68997892,75584.03217564401,21559.100983806038,36866.16470213243,122780.04773217282
EXT0022,INT0014,22200954.266914662,92891.02203729984,19858.434531030973,58241.45464696939,139712.24001226938
EXT0022,INT0017,12296206.52827501,51448.562879811754,23161.200841866364,21209.314476673208,108832.89657040246
EXT0022,INT0018,11370724.713578675,47576.254031709934,21969.098353341415,11829.114958871847,104843.33463619126
EXT0022,INT0021,20678589.737279493,86521.29597188073,21809.780332973274,54915.092615949325,140817.95682475442
EXT0022,INT0029,19478350.467408977,81499.37434062334,21463.8597252863,48313.851623364026,135977.03231992282
EXT0022,INT0030,20264398.97882991,84788.28024615024,19618.58976636551,49447.36604150855,124139.87214877027
EXT0022,INT0031,20236588.439245123,84671.91815583734,22027.808253365725,49788.047078758056,137915.65429534917
EXT0023,INT0005,14648766.246784104,61291.90898236027,21517.179302969398,22737.225036212774,101663.71918472838
EXT0023,INT0007,14380278.586913496,60168.52965235773,20429.032223297705,26939.91046224675,109839.0186167402
EXT0023,INT0011,12158758.25283293,50873.465493024814,24673.519371271424,10308.377894712348,104901.64360892493
EXT0023,INT0025,16528432.792787395,69156.622563964,20883.84153837647,34570.06597139616,116033.9771960514
EXT0024,INT0003,19509781.8956415,81630.88659264226,20452.005992689126,39219.3538350714,122013.85975690455
EXT0024,INT0004,21277743.183385067,89028.21415642287,21655.80531547385,50528.6586650365,137060.05107547235
EXT0024,INT0008,17334335.340571582,72528.59975134554,24108.4414248849,36841.07299241632,126144.5709214706
EXT0024,INT0011,11916669.76406228,49860.54294586728,24660.281846777732,9184.369755485946,102911.02374887888
EXT0024,INT0012,12352210.719688619,51682.89004053815,22642.274379523064,14722.689122212076,106962.30772028843
EXT0024,INT0017,12277458.638616418,51370.11982684694,23154.96085205827,21122.57931574347,108287.19506121674
EXT0024,INT0023,20849588.960293192,87236.77389244013,21272.85768335178,53745.576117579716,136142.9224599082
EXT0024,INT0025,16276702.312161298,68103.35695464979,20917.911129906868,33862.1830366231,114139.90445667808
EXT0024,INT0026,10199492.15195732,42675.69938057456,24071.286196880847,5100.980230038355,94847.66921940973
EXT0024,INT0028,13688073.022243712,57272.27205959712,22078.695533005925,20378.444520304984,105073.79294961324
EXT0024,INT0029,19473695.270931594,81479.89653109454,21421.540190364085,48501.745521577075,135359.00271304007
EXT0025,INT0004,21555422.998286515,90190.05438613605,21579.309406314358,51372.398586063544,137215.072429263
EXT0025,INT0006,18334867.91416807,76714.92851116348,21560.045266685986,37644.7176915696,122326.64761760551
EXT0025,INT0008,17614488.087929204,73700.78697878328,24099.35824417998,37573.362681276594,126569.14752107202
EXT0025,INT0010,14509849.34142603,60710.66670052732,19665.474573769603,25591.82330769465,100984.62419310595
EXT0025,INT0013,16341059.318792982,68372.63313302503,21357.068438410864,32460.444260543776,117527.84588936661
EXT0025,INT0015,11859060.000713658,49619.4979109358,21945.302398801374,11606.351880254128,93161.53357845372
EXT0025,INT0019,10617325.73874852,44423.95706589339,23569.98459207624,5286.064437641288,93674.02869790448
EXT0025,INT0020,19810340.04488632,82888.45207065406,22311.743957396448,48644.850919356606,136578.4113689995
EXT0025,INT0027,19110100.01815965,79958.57748183954,21725.091455971247,54086.86392244542,139665.44834972607
EXT0026,INT0004,21434154.884293567,89682.65641963836,21529.812292093346,50204.718884069975,136911.04414214354
EXT0026,INT0012,12515980.644535877,52368.119851614545,22670.226247803956,15388.61549296939,109047.65831104045
EXT0026,INT0014,22356495.568493173,93541.82246231454,19946.869743626783,58736.19114671447,140184.5578716324
EXT0026,INT0015,11753809.504101774,49179.11926402416,21969.585363815888,11241.036898814156,93150.48747471743
EXT0026,INT0016,14134531.56725018,59140.29944456142,22092.528647834766,27622.446578448667,121119.13803509073
EXT0026,INT0017,12454216.534866644,52109.692614504784,23191.863804467073,21818.301336850083,109330.81445404016
EXT0026,INT0025,16454314.629694507,68846.50472675526,20901.68334304203,34597.946549163964,115226.06387525324
EXT0026,INT0028,13866513.302970875,58018.88411284885,22131.376301290067,21089.952338279094,107363.53253924998
EXT0027,INT0004,21390094.23161788,89498.3022243426,21561.377335119607,50628.400587763375,137341.53745894725
EXT0027,INT0016,14101620.444194622,59002.59600081432,22108.75738532841,27543.769962352813,119242.44460457395
EXT0027,INT0028,13821673.635451112,57831.27044121804,22170.735431046855,20947.734284594037,106296.25240784488
EXT0028,INT0002,12213511.03949388,51102.556650602004,23437.338715696143,9488.79319849185,100337.65585544948
EXT0028,INT0005,14601400.076878836,61093.724171041154,21510.827316603543,22463.020758773768,102291.87770847908
EXT0028,INT0017,12467829.22017142,52166.64945678418,23210.792655699235,21861.329666925492,108837.496743905
EXT0028,INT0019,10512596.256067596,43985.75839358827,23564.29000160049,4777.854415077655,93216.55904498765
EXT0028,INT0021,20811237.222571254,87076.30637059102,21783.62774124176,54764.324670742884,140285.6242429183
EXT0028,INT0027,19001496.169019263,79504.16807121031,21767.74523423248,53567.552093474515,138977.43678943347
EXT0028,INT0028,13880167.50898128,58076.01468193004,22178.742236735474,21169.521103875144,106658.28075440614
EXT0029,INT0004,21325872.479812924,89229.59196574445,21530.136887971556,49842.748646811444,136829.57402127353
EXT0029,INT0028,13746153.142106023,57515.28511341432,22170.577287660366,20702.54290860821,105706.3206116121
EXT0029,INT0029,19518620.383668464,81667.86771409398,21499.500758267914,48254.45286125145,137725.97665533324
EXT0030,INT0007,14090532.050653294,58956.20104875855,20387.321373668616,26058.48767462822,107071.69423036478
EXT0030,INT0008,17285085.98465216,72322.53550063666,24099.869376650942,36245.4465589194,125725.4669666847
EXT0030,INT0010,14189228.3948133,59369.15646365397,19653.572414881837,24049.684236167945,98391.67897698004
EXT0030,INT0011,11869564.900325397,49663.45146579664,24677.80337678765,9040.803460878027,102182.48005484325
EXT0030,INT0012,12289522.428073037,51420.59593335999,22591.720379063452,14515.153643167443,107244.35810859576
EXT0030,INT0016,13909859.915920177,58200.250694226685,22110.833808025716,26752.22812208857,119725.00608882238
EXT0030,INT0020,19475885.351122964,81489.0600465396,22293.97991604789,48012.44777316998,132934.49431013007
EXT0030,INT0022,14467285.249744082,60532.57426671164,20411.497879235994,21459.4386431332,100331.62184667737
EXT0031,INT0013,16225227.90292588,67887.98285743046,21356.118590002832,32213.733199364586,117931.21300886493
EXT0031,INT0019,10507861.192307862,43965.94641132996,23600.561208309617,4756.996204513218,93225.55090361233
EXT0031,INT0026,10363872.453820862,43363.48307038018,24049.69323211865,5812.966936856309,95318.71400327855
EXT0031,INT0027,19020918.852252364,79585.43452825258,21831.365409220693,53323.77150217698,139445.41007759314
EXT0031,INT0032,13156444.805829491,55047.8862168598,22199.715990882174,15253.290979575424,104823.80097260753
EXT0032,INT0012,12336088.87761678,51615.43463437983,22627.97865831417,14718.558166896957,108271.15309480773
EXT0032,INT0015,11573380.43553648,48424.18592274678,21968.252581778397,10438.737991015241,92277.62132103648
EXT0032,INT0018,11332998.40912052,47418.40338544151,21984.30623363584,11766.785418191645,104697.21037213008
EXT0032,INT0024,17707548.588049665,74090.16145627476,22057.048095984395,43850.24947016594,119814.60592585444
EXT0032,INT0026,10174901.248769818,42572.808572258655,24033.61603842716,5031.8542814538,94454.77716948673
EXT0032,INT0029,19443475.5619709,81353.45423418787,21472.430961876402,47997.74298591833,138125.67180772222
EXT0032,INT0032,12973304.341406422,54281.60812303942,22179.0330921626,14593.325773626275,104303.50912660587
INT0001,EXT0007,12234426.797224902,51190.07028127574,21833.126628549726,13248.783205149668,97557.44643633983
INT0001,EXT0009,22481259.275927622,94063.8463427934,24169.108831463065,58448.733381818936,149223.8212374768
INT0001,EXT0011,9860431.508999808,41257.035602509655,20407.585182540828,9898.84671164524,85089.08798151642
INT0001,EXT0013,22846012.580648698,95590.01079769329,23043.604644446907,58558.12746615424,151387.6907493766
INT0001,EXT0016,21496271.061978243,89942.55674467885,23087.603769478937,52224.78018982695,142659.58739681827
INT0001,EXT0020,15088984.2891175,63133.82547747908,23743.49249416397,24596.221864333365,114882.81521276827
INT0001,EXT0023,11593911.46149354,48510.0897970441,20529.539724930044,15701.763314428728,97183.30442743785
INT0001,EXT0027,14326982.556736466,59945.53371019442,20531.800240826185,26823.992510833756,109735.25231360484
INT0001,EXT0030,21814044.52840223,91272.15283850305,21464.679930403196,56526.53781522219,139819.63479917918
INT0001,EXT0031,13286177.215123374,55590.69964486767,19129.933416799446,23040.659150333624,110887.24465426209
INT0002,EXT0003,9423440.795977479,39428.622577311624,22708.728751088984,4097.7809085346635,92619.57891515079
INT0002,EXT0007,12294627.202109942,51441.95482054369,21773.046946882085,13753.519456876375,98458.2643844001
INT0002,EXT0015,11942390.154870283,49968.159643808714,21355.898035270373,10203.844355881623,99951.41438554852
INT0002,EXT0016,21581231.16836262,90298.03836134989,22978.006638968418,52263.03764330241,142983.62636025492
INT0002,EXT0017,10735855.21049227,44919.89627821033,22274.258464275634,11948.174844456638,95358.0706220728
INT0002,EXT0023,11674162.984783899,48845.870229221335,20535.85651214193,15998.475712229825,97320.76775793846
INT0002,EXT0025,9486704.59227806,39693.32465388309,21249.107979260585,8259.718964513639,93780.64480250148
INT0002,EXT0027,14404877.11615999,60271.452368870254,20491.31535499873,26989.202612137207,110284.90552014261
INT0002,EXT0028,13674308.62820447,57214.68045273837,21192.18125853088,21718.49702045793,101222.6112845349
INT0002,EXT0030,21871388.498363126,91512.08576720973,21414.068417822156,57065.10490686218,140983.04598495003
INT0003,EXT0004,10902696.509189373,45617.97702589696,21146.905312288847,13755.996147793658,93518.19488405746
INT0003,EXT0005,15656829.564337503,65509.74713111926,21263.862478047722,26862.85036883191,109178.56941777385
INT0003,EXT0007,12136677.804417264,50781.07867957014,21822.87246802837,12827.551631146354,96808.13604930734
INT0003,EXT0016,21411794.876954895,89589.09990357696,23064.755921302112,50924.91950229448,142202.99133096618
INT0003,EXT0018,20944269.25077055,87632.92573544163,23216.00041688711,47861.78137675919,131265.37987503278
INT0003,EXT0020,15007448.395159086,62792.67110945225,23815.776573423944,23831.52862485785,113245.75900009893
INT0003,EXT0022,17638514.470272835,73801.31577520014,19609.25367722914,45515.13178119082,120040.91223590224
INT0003,EXT0026,11898551.794397911,49784.73554141385,23135.926919609556,18727.616520587053,114120.58127997186
INT0004,EXT0007,12049500.748394318,50416.321122988775,21764.918383110296,12657.724710976032,96365.25982603866
INT0004,EXT0008,17539716.860113062,73387.93665319272,19996.970412849565,38678.14274088023,122038.62506781264
INT0004,EXT0009,22308927.534697708,93342.79303220798,24156.679545802912,58218.11519630419,148762.78032050552
INT0004,EXT0012,15040247.15675693,62929.904421577114,20991.777914059803,21239.05831627268,105264.02145280989
INT0004,EXT0013,22688284.66212328,94930.06134779616,23096.158236288873,58317.32814776939,151733.15868068894
INT0004,EXT0028,13436289.4189527,56218.78417971841,21213.655055046842,20604.27493513904,102229.67957695019
INT0004,EXT0029,16339336.04931928,68365.42280049909,21627.095349713807,39186.36440472956,133076.889990642
INT0004,EXT0030,21619131.52341994,90456.61725280309,21435.686482523328,55835.29372893411,139056.58684659138
INT0005,EXT0001,18938038.198111877,79238.65354858527,22351.969462870467,43602.051264179645,128026.89316905326
INT0005,EXT0002,11891094.527283989,49753.533586962294,22535.281301305644,8326.131668796785,93341.56687037203
INT0005,EXT0005,15764288.66534846,65959.36680062118,21259.63091046387,27479.973507384108,109504.59916863478
INT0005,EXT0016,21528103.996631544,90075.74893988094,23095.974646043927,51013.391093205246,142926.69408374152
INT0005,EXT0018,21073304.309777495,88172.82137982215,23162.499669190907,48553.15282768072,131133.04973439834
INT0005,EXT0029,16535979.08593986,69188.19701230068,21617.037545973475,40323.31915895867,134286.77085643416
INT0005,EXT0030,21834929.530497096,91359.53778450668,21505.579010420497,56565.86553611418,140412.2367294053
INT0006,EXT0001,18798664.454177376,78655.49980827354,22397.400341873123,42846.05952050844,126850.82363419341
INT0006,EXT0004,10898401.784327507,45600.007465805465,21139.849093033445,13782.584473348914,93708.72802046608
INT0006,EXT0006,11936509.150150953,49943.55292950189,19670.090878600407,18717.838238915985,95112.96999465312
INT0006,EXT0007,12119066.36584107,50707.39065205469,21785.448339245773,13007.245834539528,97689.90913816117
INT0006,EXT0016,21415029.61808705,89602.63438530147,23109.62231822192,51455.16272284566,141761.8648634589
INT0006,EXT0019,19162617.81295807,80178.31720902958,21710.337536453328,41856.98255188889,122284.83952066964
INT0007,EXT0008,17674742.54141779,73952.89766283594,19976.74809856348,39568.85950455398,120389.18061511776
INT0007,EXT0011,9827564.034555297,41119.5147889343,20434.0806637554,9738.712437556014,85210.78028886332
INT0007,EXT0014,16642621.328492904,69634.39886398705,21402.75149329334,37453.939325562074,122524.157491538
INT0007,EXT0015,11825960.654378114,49481.00692208416,21363.16372284941,9627.84614928323,98735.6300687465
INT0007,EXT0020,15048629.152977789,62964.97553547192,23708.83226545914,24008.00005588874,112814.66725914646
INT0007,EXT0023,11565231.633604413,48390.090517173274,20520.49475303876,15534.474077667648,96714.55412304583
INT0007,EXT0024,20311443.980853796,84985.1212588025,23076.294421183928,46172.99859690934,135715.140162399
INT0007,EXT0027,14274644.823938044,59726.54738049391,20468.756285845408,26673.869313508287,108800.70839002996
INT0007,EXT0031,13245822.820218883,55421.85280426311,19119.975147265683,22882.773200339823,110316.32565330938
INT0007,EXT0032,21442073.161086787,89715.78728488195,21483.091890192485,50436.95513220454,139309.73431358713
INT0008,EXT0001,18806600.787567023,78688.7062241298,22342.554447183487,43127.81438716416,128489.16473976546
INT0008,EXT0004,10900329.877165683,45608.07479985641,21141.389923651044,13725.084515257451,93803.06508679962
INT0008,EXT0005,15649477.120299531,65478.983766943646,21220.22756411495,26921.969121090056,108827.32355857603
INT0008,EXT0010,18683037.265161857,78171.70403833412,19386.660957690598,41671.28010698336,125608.05246396229
INT0008,EXT0011,9774334.555142509,40896.797301851504,20381.570296640417,9592.557157310957,84717.956839066
INT0008,EXT0015,11780012.701198779,49288.75607196142,21394.442716712823,9393.758342256557,98399.37757997442
INT0008,EXT0025,9330528.007693103,39039.866140975326,21268.705840234477,7528.58229703723,93279.36808841438
INT0008,EXT0026,11915050.571692228,49853.76808239426,23284.765795753632,18701.39741843042,115852.45092712072
INT0009,EXT0008,17840011.257405877,74644.39856655178,19975.057990005225,39682.603327934696,121711.11603468173
INT0009,EXT0017,10772416.612260733,45072.872854647416,22340.713633647447,12001.357820419007,95602.87853450063
INT0009,EXT0019,19335362.896856736,80901.09998684828,21690.75098120586,43245.27209446536,123093.86691482218
INT0009,EXT0021,13913783.160547325,58216.66594371266,22808.63169251257,23747.17843322189,111752.1407445495
INT0009,EXT0025,9526188.450801112,39858.52908284984,21262.277538765084,8430.239520986408,93615.58634418804
INT0009,EXT0026,12110160.304930842,50670.12679887381,23265.45266549939,19443.628850224584,117471.48534129841
INT0009,EXT0028,13714582.379064439,57383.189870562506,21183.507606412986,22010.56143489299,102324.34552070186
INT0009,EXT0030,21946923.985532895,91828.13383068157,21467.57707837169,56904.577025249455,140596.6270663919
INT0010,EXT0010,18790639.667436264,78621.9232947124,19466.717823421815,42059.52375778901,126208.23645579352
INT0010,EXT0013,22867053.686909497,95678.04889920291,22939.837513141352,59691.20763875332,150224.9873525848
INT0010,EXT0014,16717015.420048803,69945.67121359332,21439.657584240642,38018.99305730118,121605.45445866302
INT0010,EXT0019,19257521.67262866,80575.40448798603,21666.36222586676,42420.88126437433,122927.09802933762
INT0010,EXT0020,15127513.54871887,63295.0357686982,23820.637292072228,24625.04169863098,115214.53999200108
INT0010,EXT0032,21506939.740161847,89987.19556553074,21566.01957703408,50972.99943506998,139476.22066725866
INT0011,EXT0002,11946331.532194166,49984.650762318684,22505.4980910669,8616.698912882113,92567.48160464292
INT0011,EXT0004,11095963.130333671,46426.623976291514,21196.586987649338,14439.615328209897,95033.89720926831
INT0011,EXT0006,12115948.570716279,50694.34548416853,19642.830101737854,19557.0092571856,96153.72558243507
INT0011,EXT0010,18862983.74326588,78924.61817266057,19453.70964148391,42350.30941905476,126574.84177642169
INT0011,EXT0011,9967663.694472188,41705.70583461167,20474.56443802848,10280.615519199595,86002.16853763213
INT0011,EXT0014,16766766.25584235,70153.83370645336,21378.457078850195,38319.31875069743,122755.42593452687
INT0011,EXT0021,13898004.999055983,58150.64853161499,22806.252348606886,23775.758918407206,112247.84950571286
INT0011,EXT0031,13363432.041711917,55913.94159712099,19117.06457298261,23489.41493388701,111224.94203826966
INT0012,EXT0005,15773909.645303413,65999.6219468762,21225.67240637707,27351.35067148693,109408.31972117905
INT0012,EXT0006,12072715.865026645,50513.455502203535,19704.1056762946,19584.559118328292,96647.90053538227
INT0012,EXT0008,17758754.278394956,74304.41120667345,20016.574538875055,39517.818317582074,121727.45045678678
INT0012,EXT0012,15254986.448226726,63828.39518086496,20951.709951981236,21924.629043054007,107354.69423645188
INT0012,EXT0016,21547906.096662246,90158.6029149048,23083.1016543096,51784.279517435934,143399.83185744018
INT0012,EXT0022,17763598.194000002,74324.67863598328,19607.95559327801,46379.28155187302,120865.38801127311
INT0012,EXT0024,20398011.07208889,85347.3266614598,23123.79751430714,46445.38320190684,137452.55081163146
INT0012,EXT0026,12031782.227953453,50342.18505419855,23244.37706530031,19225.414941751904,117697.27532910764
INT0012,EXT0032,21515400.382118184,90022.59574108027,21501.010957542418,50829.29522254612,139051.68767045237
INT0013,EXT0002,11798573.697830338,49366.417145733634,22516.18267540005,8074.574863672233,92985.261291792
INT0013,EXT0003,9273160.761218743,38799.835820998924,22698.748449108374,3485.314772901491,92239.19477225888
INT0013,EXT0006,11967190.521385593,50071.92686772215,19677.40488391705,19235.92871930148,96596.90972422679
INT0013,EXT0016,21449503.050605807,89746.87468872723,23035.893649431957,51286.043083829645,142340.4989915029
INT0013,EXT0021,13739783.415313557,57488.633536876805,22790.709707127047,23176.967072225954,111821.77919440722
INT0013,EXT0027,14263354.391013669,59679.307075371,20523.30412389534,26602.984482342865,109437.56554167237
INT0014,EXT0005,15521464.301789682,64943.36527945474,21251.82827525861,26211.425135058817,107977.11629800314
INT0014,EXT0007,12005920.501951335,50233.976995612284,21785.50070722604,12480.16739776369,96993.43319217209
INT0014,EXT0014,16467430.766573844,68901.38396056002,21387.463908995043,37073.37675090112,119817.35296529732
INT0014,EXT0016,21295987.39796795,89104.54978229267,23068.584911321912,51252.46114937286,143246.06511285747
INT0014,EXT0017,10434371.933578765,43658.45997313291,22264.684297661184,10655.65623223802,93810.67262963776
INT0014,EXT0021,13600548.381250447,56906.06017259601,22807.098737108103,22569.49286548793,110173.46130293809
INT0014,EXT0026,11784655.406273503,49308.181616207126,23270.092997160064,17896.229795780255,115278.54054723505
INT0014,EXT0032,21250717.571746737,88915.13628345916,21547.138303183245,49512.765649922694,138212.4853846701
INT0015,EXT0001,19013374.69231654,79553.86900550853,22381.637040203237,44015.9408356195,129798.04598290587
INT0015,EXT0005,15846137.978082724,66301.83254427918,21298.26162122224,27738.19171805618,110141.50997031234
INT0015,EXT0009,22574401.86235167,94453.56427762205,24144.561263541036,58903.808703958915,149746.62357772412
INT0015,EXT0012,15313583.849590557,64073.57259242911,20960.029430841278,22085.193312202435,107599.38551695051
INT0015,EXT0015,11970550.8227639,50085.9867061251,21368.4899629498,10238.284584381483,99544.80565277221
INT0015,EXT0020,15185503.241648413,63537.67046714817,23797.77283231566,25049.62765466721,114239.20178858686
INT0015,EXT0021,13908191.85897161,58193.271376450255,22799.078996751854,23782.206665143523,113015.83251292742
INT0015,EXT0023,11692345.304100992,48921.94687908365,20494.441378214993,16013.03025944296,98129.47158793779
INT0015,EXT0030,21922377.438523293,91725.42861306817,21489.746729802588,56452.65423553458,141374.56851339352
INT0015,EXT0032,21605736.030539714,90400.56916543814,21560.530191239992,51149.977902489554,139918.18249242773
INT0016,EXT0001,18891163.93323495,79042.52691730105,22374.698207595156,43613.183980839145,128423.86136421203
INT0016,EXT0005,15728226.617154328,65808.47956968338,21313.41852009164,27415.245574061053,109751.84528807126
INT0016,EXT0007,12204270.045552226,51063.891403984206,21765.910470031817,13262.417567223438,97410.98109514617
INT0016,EXT0011,9863036.412742388,41267.9347813489,20433.50840579782,9794.362491015481,85435.50664049003
INT0016,EXT0014,16672958.316777064,69761.3318693601,21455.320119805965,37668.211878402406,121305.79329048081
INT0016,EXT0025,9414555.24565295,39391.44454248096,21295.9752334273,7928.2396328302275,92733.36566358249
INT0016,EXT0030,21798980.011929117,91209.12138882476,21448.42202121867,56398.73831017149,140343.24918421675
INT0017,EXT0001,18939387.1944772,79244.29788484184,22405.83183208922,43528.95024227815,129054.56508135823
INT0017,EXT0005,15770370.404465858,65984.81340780694,21248.587672617556,27532.124167523667,108926.73306771972
INT0017,EXT0009,22530844.624211516,94271.31641929505,24141.6122047247,58856.31021215943,150724.15045182614
INT0017,EXT0012,15257249.907375263,63837.86572123541,21036.554711068853,21888.147324612015,108407.73071677302
INT0017,EXT0016,21566922.51987575,90238.16953922909,23074.967355052137,51757.143054369604,143756.42277479544
INT0017,EXT0017,10686722.351731338,44714.31946331103,22262.424151022184,11668.092107454995,95485.90265016888
INT0017,EXT0022,17739701.203248203,74224.69122697992,19498.22021707249,46702.170593750096,119269.10904442283
INT0017,EXT0023,11614948.674409285,48598.11160840705,20497.57082337729,15804.112692240466,96663.49758963013
INT0018,EXT0011,9980217.625149384,41758.23274121081,20435.203736981126,10386.95744227941,86239.61626475638
INT0018,EXT0019,19344246.306759484,80938.26906593927,21685.695580438172,42929.961705927766,123213.67082370454
INT0018,EXT0020,15202958.558661163,63610.7052663647,23801.94408595637,24533.571076958797,115389.34346366109
INT0018,EXT0021,13912329.63592987,58210.58425075259,22752.22394987112,23626.069478069432,111128.56805714496
INT0018,EXT0024,20465687.058267444,85630.4897835458,23189.059797848677,46786.2679525736,138724.14318447674
INT0018,EXT0025,9518050.812360156,39824.48038644417,21262.021304691967,8444.433569379378,92858.34088793359
INT0018,EXT0029,16605089.031024177,69477.35996244426,21604.298918857312,40425.905435517256,135242.62527325723
INT0018,EXT0032,21598293.0978589,90369.42718769413,21429.860395401996,51188.97371363293,140102.61199905942
INT0019,EXT0001,19037139.218308773,79653.30216865595,22379.480913515996,44590.75991891318,128828.60505098708
INT0019,EXT0007,12358147.539792748,51707.73029201986,21748.96127454615,13805.218097431432,98200.14834367113
INT0019,EXT0009,22621497.930462286,94650.61895590914,24156.325452466794,59329.2786037783,149087.1698410377
INT0019,EXT0012,15359722.99347632,64266.623403666614,20936.40231058473,22113.641212805498,106567.02326149233
INT0019,EXT0013,22999534.857276555,96232.36341956718,23016.340854795515,59586.97799910161,153426.97135052906
INT0019,EXT0014,16817768.48238793,70367.23214388256,21439.602347789525,38791.582226699,122435.56742715734
INT0019,EXT0015,11986147.821550045,50151.24611527216,21315.500845087023,10333.1599703912,99998.4526325829
INT0019,EXT0017,10796411.76101245,45173.270966579286,22347.70921635391,12127.035292214683,95937.30098205077
INT0019,EXT0020,15240642.639294308,63768.379243909236,23816.59063347592,24991.926178333673,113912.54991892683
INT0019,EXT0021,13935576.312261201,58307.85067891716,22762.373436935377,24136.803366814976,111788.05936932118
INT0019,EXT0023,11729678.699489819,49078.153554350705,20537.49124653863,16215.8051108461,97457.97724722375
INT0019,EXT0029,16635604.145249771,69605.03826464339,21626.592846564567,40214.62283152859,135019.0448419743
INT0020,EXT0001,18757907.52648052,78484.96873004401,22397.164619263687,42219.57955453315,127939.30356429258
INT0020,EXT0007,12081886.759264842,50551.827444622766,21782.05793438221,12523.4023127265,96281.61121755
INT0020,EXT0008,17566190.434075058,73498.70474508392,20032.093385116397,38648.16011273462,120871.96604422387
INT0020,EXT0009,22329831.16095377,93430.25590357227,24111.463899552335,57969.15331618939,148300.33827934565
INT0020,EXT0010,18630357.24158735,77951.28552965418,19443.992991350093,41400.05979620382,124748.65256848252
INT0020,EXT0014,16512884.462635411,69091.5667892695,21337.51684888758,37085.12361022649,119370.15555563812
INT0020,EXT0018,20879488.59347122,87361.87696013064,23220.380053064684,47557.775332690944,131298.01526174016
INT0020,EXT0019,19087183.10330665,79862.69080881444,21704.887499846598,42120.46632272528,122588.94593537021
INT0020,EXT0020,14944988.004372308,62531.33056222723,23818.257507936552,23582.701536465243,113192.89780741678
INT0021,EXT0003,9150307.95412462,38285.80733943356,22659.64619617827,2829.232709976149,91235.59406667145
INT0021,EXT0004,10798639.773862787,45182.593196078604,21085.356208054793,13224.144861621715,92378.99422432038
INT0021,EXT0006,11849953.981104286,49581.39741047819,19696.207886258166,18415.495811864606,95465.62225802423
INT0021,EXT0014,16477006.164474849,68941.44838692405,21361.810092889766,37029.60211066916,120764.41856085812
INT0021,EXT0017,10470594.1511551,43810.01736884979,22309.53040848668,10882.230095198223,94099.61670453606
INT0021,EXT0022,17522987.14621708,73317.93785028068,19510.886406671703,45836.70779781538,120094.55379078756
INT0021,EXT0026,11814187.468554266,49431.74673035258,23254.033279076146,18051.741388158225,114915.03190474302
INT0021,EXT0027,14153394.152015567,59219.222393370575,20563.212737302336,26197.96434296001,108918.49220756328
INT0021,EXT0028,13412247.675106663,56118.1911092329,21186.392444315254,20805.509635202907,102842.91002684995
INT0021,EXT0032,21281404.12537826,89043.53190534837,21488.150630906763,49977.154989933944,138917.02739574964
INT0022,EXT0001,18926731.428442102,79191.34488887909,22378.22634838701,43618.59747413503,129133.274585423
INT0022,EXT0003,9359398.869575726,39160.66472625827,22674.548171650305,3758.746297754346,92599.82240849192
INT0022,EXT0006,12070118.147649994,50502.58639184098,19697.97338617324,19156.766567101502,96435.38208240169
INT0022,EXT0018,21062912.082578342,88129.33925764998,23245.630944904085,48715.66670145808,131465.1275667565
INT0022,EXT0025,9445132.881357929,39519.38444082815,21268.03188924079,8089.781137867953,92877.15042381796
INT0022,EXT0028,13618774.743957475,56982.32110442458,21166.093880885608,21607.72101449768,102016.22901170011
INT0023,EXT0009,22293593.849657275,93278.63535421454,24132.123438186787,57701.88148796825,150570.57756239086
INT0023,EXT0011,9673947.619560644,40476.76828268052,20443.287573202346,9088.160212110573,84465.75989021128
INT0023,EXT0016,21319681.141763892,89203.68678562298,23038.368838633407,51309.584869309314,142779.44358282033
INT0023,EXT0017,10457545.955227884,43755.42240681123,22285.785558061558,10741.245998002696,93590.08526541154
INT0023,EXT0019,19046156.19560559,79691.03010713636,21724.408361719306,41876.29267329554,121372.46906322114
INT0023,EXT0020,14900827.256336803,62346.55755789457,23739.42154622179,23613.256729853245,113024.60296860176
INT0023,EXT0022,17523859.35672635,73321.58726663743,19612.66985131101,45302.23897865242,120455.70585032142
INT0023,EXT0029,16303029.295924092,68213.51169842716,21625.94025444611,39016.18239766255,134653.06760395016
INT0024,EXT0001,18767122.08649788,78523.52337446812,22422.075298405543,42580.0783691402,127256.57635118684
INT0024,EXT0005,15584115.894373791,65205.50583419996,21261.898388879956,26226.07906460326,108696.03670674149
INT0024,EXT0008,17573094.657870945,73527.59271075709,19934.92850617889,39007.75369174374,122533.21723878128
INT0024,EXT0010,18622059.091261692,77916.56523540457,19437.626012017212,40928.84405952342,127621.91430379341
INT0024,EXT0012,15062282.066186499,63022.100695340996,20950.449859419656,21264.024466523835,105709.14218140133
INT0024,EXT0027,14169345.512679357,59285.964488198144,20465.699299501553,26183.883800739663,109035.02076633406
INT0024,EXT0028,13441506.040273553,56240.611047169674,21142.18071471649,20522.801751196414,102425.73243898744
INT0024,EXT0030,21644527.982191447,90562.8785865751,21427.301512629125,55819.68030455753,140081.46174952874
INT0025,EXT0003,9289216.59829503,38867.01505562774,22726.71742567279,3446.590883093013,92212.54869205576
INT0025,EXT0009,22420394.16677958,93809.18061414051,24125.48064493322,58338.415128190434,147937.26208590312
INT0025,EXT0010,18719020.143934853,78322.26001646383,19454.35565470311,41795.5713594025,125962.39276714713
INT0025,EXT0011,9805446.765196092,41026.97391295436,20435.22543694767,9674.35526504396,85511.03341161486
INT0025,EXT0015,11804108.159788664,49389.57389032914,21370.069299742456,9636.80501016506,98785.85593543923
INT0025,EXT0024,20297107.508010175,84925.13601677897,23127.83321543236,46168.47320265589,136710.52087177956
INT0025,EXT0025,9349613.623170702,39119.72227268076,21230.96217647918,7715.552596575661,91754.4283550019
INT0025,EXT0028,13540029.834644852,56652.844496421974,21149.230779778387,21111.50818196565,101057.75743073234
INT0025,EXT0031,13232294.959352942,55365.25087595373,19179.456189513854,23080.328517487218,110705.19363811362
INT0025,EXT0032,21400240.716958027,89540.75613789969,21499.081136002536,50050.18674813435,139277.44828845025
INT0026,EXT0001,19052343.16857455,79716.91702332448,22442.272222502525,43505.17462022446,128150.26761333275
INT0026,EXT0003,9451963.706370203,39547.965298620096,22642.58086013379,4133.448179599275,94290.20840777614
INT0026,EXT0009,22613525.499931842,94617.26150599097,24127.87756558135,58986.081003510844,148357.80612911473
INT0026,EXT0014,16803085.157938965,70305.79563991199,21423.38426899957,38696.701490389976,120816.1598398036
INT0026,EXT0020,15204363.140973564,63616.58217980571,23734.769334680306,24944.896764498357,113459.53553023248
INT0026,EXT0023,11733712.268785251,49095.03041332741,20559.173021211183,16162.063242347103,97307.29351242243
INT0026,EXT0024,20475121.276995596,85669.96350207362,23178.400676669455,46925.033670065306,136600.97126377595
INT0027,EXT0003,9147558.977980308,38274.305347197944,22686.971395362936,2793.4478329097606,91270.12669506703
INT0027,EXT0007,12014178.0611496,50268.52745250879,21764.40849123611,12268.335507012778,95699.9153851491
INT0027,EXT0009,22272967.088878233,93192.3309158085,24142.792717568103,57987.79517294518,149205.30625016487
INT0027,EXT0010,18569453.93906481,77696.45999608707,19471.697370662074,41412.44796210338,125358.98024107871
INT0027,EXT0014,16478685.273526952,68948.47394781151,21330.065300258528,37162.88997845296,118698.04288192524
INT0027,EXT0016,21302306.06124628,89130.98770395933,23040.403556739868,50230.554333708154,141323.23088882864
INT0027,EXT0021,13613959.947252216,56962.17551151555,22830.782541149376,22494.527174252882,111834.4297483371
INT0027,EXT0023,11386988.168119112,47644.30195865737,20542.982314273384,14641.892867296723,95919.56150405809
INT0027,EXT0027,14118513.93943866,59073.2800813333,20505.042035208022,25717.165356124773,108810.66378285392
INT0027,EXT0032,21265820.704770554,88978.32930866341,21477.68266353237,49463.37084792409,137278.98298195048
INT0028,EXT0002,11908348.262710838,49825.72494858091,22517.19751776246,8413.926570100255,94163.35154692133
INT0028,EXT0003,9392954.524655817,39301.0649567189,22678.616172583927,3889.423543864193,91809.85245257354
INT0028,EXT0011,9923830.314721884,41522.30257205809,20464.23562338311,10007.911233975481,85591.30589040296
INT0028,EXT0012,15267357.990436671,63880.15895580197,20946.509963503042,21880.160793606174,106843.9419938324
INT0028,EXT0016,21572892.075449664,90263.14675920362,23125.750502358722,51809.22119580814,144103.8617332822
INT0028,EXT0021,13862377.147711955,58001.57802389939,22774.1359579774,23810.52632145396,111205.66406379605
INT0028,EXT0022,17766310.551421426,74336.02741180513,19566.847714113377,46300.676896132005,120863.87492910823
INT0028,EXT0027,14381018.956416583,60171.62743270537,20580.32974749477,27350.0393632304,109580.50532064446
INT0029,EXT0006,11819776.750474228,49455.1328471725,19675.33856326405,18512.861083171607,94841.32875651462
INT0029,EXT0011,9665409.279769914,40441.0430115896,20462.689025630298,9037.527066926054,85329.00170349248
INT0029,EXT0012,15003274.81020969,62775.2084109192,20989.61172486555,20880.213151132815,106507.70653936433
INT0029,EXT0016,21313174.49816144,89176.46233540351,23107.804770096664,50908.02417891537,141023.6905238413
INT0029,EXT0018,20854915.598292314,87259.06108072097,23357.04665704887,47324.07698958821,133026.50431563944
INT0029,EXT0022,17505842.155533135,73246.20148758634,19568.91422053399,44844.71261161343,119279.70545550811
INT0029,EXT0026,11794989.768939788,49351.421627363125,23269.07166968121,18084.314997119654,117298.14949674923
INT0029,EXT0027,14124257.749849686,59097.31276087735,20512.09509635687,26101.631998456458,109303.65322378417
INT0029,EXT0032,21251623.906838346,88918.92848049517,21401.345628835814,49803.787446216826,137886.37750055292
INT0030,EXT0003,9172368.199805913,38378.10962261888,22649.53908129029,3038.376317268064,91107.38965422957
INT0030,EXT0006,11874970.817123206,49686.07036453224,19738.865838165904,18649.141334659853,95683.14604243811
INT0030,EXT0007,12055425.394943733,50441.110439095115,21829.56442044223,12623.239553125357,97174.44240464903
INT0030,EXT0011,9703167.377189875,40599.026682802825,20441.0902660722,9187.893298348048,85008.61876612536
INT0030,EXT0025,9248037.580711996,38694.717910928855,21250.606213645533,7138.970513195553,91957.13533205944
INT0030,EXT0027,14155113.35046368,59226.41569231666,20455.14688612268,26305.39230411981,108854.03236840288
INT0030,EXT0031,13119301.718054574,54892.47580775972,19055.90887974984,22569.358291865425,109738.52605925065
INT0031,EXT0003,9166455.999806916,38353.372384129354,22640.797881637678,2985.613359465638,90835.02274313112
INT0031,EXT0013,22745157.286660172,95168.02211991703,23146.343217593072,58860.50307376335,152496.79649916748
INT0031,EXT0015,11699283.259150963,48950.97597971114,21393.47780981363,8979.554573218405,99219.6477070396
INT0031,EXT0020,14924049.504931653,62443.72177795671,23820.263727866703,23818.607671106918,114300.55615348527
INT0031,EXT0023,11427159.739310736,47812.38384648843,20521.84500150096,14951.653932471483,95945.90374194775
INT0031,EXT0030,21650442.85895149,90587.62702490164,21396.804647146117,56066.295406914505,138839.60227583256
INT0032,EXT0001,18972298.45066179,79382.00188561418,22430.185167283926,43339.70201891427,128209.64083916847
INT0032,EXT0002,11920011.75091756,49874.526154466774,22534.205248971895,8481.134895081843,94886.12684139695
INT0032,EXT0008,17774630.4016543,74370.83850064561,20023.606124002283,39935.82954756733,121659.03211394115
INT0032,EXT0013,22918732.40593796,95894.2778491128,22976.41821541593,59610.07994398805,152237.3629815707
INT0032,EXT0015,11914838.841255298,49852.88218098451,21363.757840363345,10028.133956957272,99663.98920357208
INT0032,EXT0022,17775962.278640416,74376.41120770048,19647.306979005614,47401.690482773665,121174.19097732776
INT0032,EXT0024,20410145.75753091,85398.09940389502,23149.890915338332,46618.44573558995,136652.8762924741
INT0032,EXT0026,12055046.470230648,50439.52498004455,23286.672685730704,19205.263977255996,117578.32614362794
INT0032,EXT0032,21509935.265534103,89999.72914449415,21423.00797712414,50838.467795071694,138197.54734759533
